test_id,family,tf,lead,target,L,H,direction,thr_name,grid,cost,split,n,n_days,win,mean_net,sd,t,p_trade,t_day,p_day,p,n_h1,n_h2,mean_h1,mean_h2,mean_net_2x,thr,n_events,uncond_net,ic,first_date,last_date,mkt_ctrl,mkt_n,mkt_mean_net,mkt_t,own_ctrl,own_n,own_mean_net,own_t,q,beats_uncond,ctrl2_mean_net,ctrl2_n,beats_ctrl2,robust,candidate,g_n,g_halves
19423,F4,4h,NVDA,AMD,2,2,rev,0,eq,0.002,2026-04-27,49,49,0.69388,0.017649,0.037017,3.3375,0.00081976,3.3375,0.00081976,0.00081976,21,28,0.020526,0.015491,0.015649,0,174,0.0064272,-0.13156,2026-02-24,2026-06-30,SPY,45,0.014214,2.4416,AMD,39,0.010599,1.6669,1,True,0.014214,45,True,True,False,True,True
9326,F4,1h,QQQ,SOXL,3,3,cont,p70,eq,0.002,2026-04-27,32,32,0.71875,0.014368,0.025232,3.2211,0.0014977,3.2211,0.0014977,0.0014977,15,17,0.01332,0.015292,0.012368,0.010527,353,0.0022605,0.039658,2026-02-23,2026-06-30,SPY,31,0.0082812,1.4324,SOXL,32,0.014457,2.9949,1,True,0.0082812,31,True,True,False,True,True
9328,F4,1h,QQQ,SOXL,3,3,cont,p80,eq,0.002,2026-04-27,23,23,0.78261,0.014518,0.022365,3.1131,0.0025338,3.1131,0.0025338,0.0025338,13,10,0.015567,0.013154,0.012518,0.012702,353,0.0022605,0.039658,2026-02-23,2026-06-30,SPY,17,0.014978,1.7918,SOXL,24,0.015199,2.8135,1,True,0.014978,17,False,False,False,False,True
26578,F2,1d,XLM-USD,LINK-USD,3,3,cont,p80,cn,0.004,2023-01-01,72,72,0.63889,0.031715,0.096107,2.8001,0.0032878,2.8001,0.0032878,0.0032878,49,23,0.031476,0.032225,0.027715,0.082015,1455,0.00068152,0.021341,2021-01-05,2024-12-29,BTC-USD,83,0.0080123,0.84229,LINK-USD,88,-0.0042309,-0.40198,1,True,0.0080123,83,True,True,False,True,True
19435,F4,4h,NVDA,AMD,3,3,rev,0,eq,0.002,2026-04-27,34,34,0.61765,0.026236,0.053274,2.8716,0.0035409,2.8716,0.0035409,0.0035409,15,19,0.014319,0.035645,0.024236,0,172,0.01284,0.066407,2026-02-25,2026-06-29,SPY,33,0.016959,1.8252,AMD,31,0.015613,2.1751,1,True,0.016959,33,True,True,False,True,True
29935,F4,1d,NVDA,AVGO,3,3,rev,0,eq,0.002,2023-01-01,181,181,0.58564,0.0081812,0.041455,2.6551,0.0043196,2.6551,0.0043196,0.0043196,96,85,0.0045431,0.01229,0.0061812,0,999,0.0025089,-0.056574,2021-01-08,2024-12-27,SPY,185,0.0050328,1.6786,AVGO,201,0.0038091,1.4616,1,True,0.0050328,185,True,True,False,True,True
9296,F4,1h,QQQ,TQQQ,3,3,cont,p70,eq,0.002,2026-04-27,32,32,0.625,0.0070787,0.014355,2.7895,0.0044728,2.7895,0.0044728,0.0044728,15,17,0.0080952,0.0061818,0.0050787,0.010527,353,-0.0010176,0.058845,2026-02-23,2026-06-30,SPY,31,0.0025797,0.85296,TQQQ,32,0.0068236,2.6707,1,True,0.0025797,31,True,True,False,True,True
19573,F4,4h,NVDA,SOXL,2,2,rev,0,eq,0.002,2026-04-27,49,49,0.71429,0.034432,0.089817,2.6836,0.0049825,2.6836,0.0049825,0.0049825,21,28,0.028352,0.038993,0.032433,0,174,0.01119,-0.11636,2026-02-24,2026-06-30,SPY,45,0.027041,1.9077,SOXL,35,0.023901,1.4326,1,True,0.027041,45,True,True,False,True,True
24215,F2,1d,BCH-USD,ATOM-USD,1,1,rev,p80,cn,0.004,2023-01-01,141,141,0.58156,0.018492,0.084764,2.5906,0.0052981,2.5906,0.0052981,0.0052981,95,46,0.024357,0.0063803,0.014492,0.050907,1459,-0.0022365,-0.074527,2021-01-03,2024-12-31,BTC-USD,129,0.010111,1.3386,ATOM-USD,136,0.011826,1.6673,1,True,0.010111,129,True,True,False,True,True
19585,F4,4h,NVDA,SOXL,3,3,rev,0,eq,0.002,2026-04-27,34,34,0.55882,0.046444,0.10195,2.6562,0.0060386,2.6562,0.0060386,0.0060386,15,19,0.016067,0.070427,0.044444,0,172,0.02068,-0.025654,2026-02-25,2026-06-29,SPY,33,0.032713,1.6057,SOXL,30,0.022496,1.007,1,True,0.032713,33,True,True,False,True,True
21046,F1,1d,BTC-USD,MSTR,2,2,cont,p80,eq,0.002,2023-01-01,79,79,0.60759,0.021657,0.075386,2.5534,0.0063085,2.5534,0.0063085,0.0063085,49,30,0.015773,0.031268,0.019657,0.052963,1004,0.0028627,0.021623,2021-01-04,2024-12-30,SPY,74,-0.00026951,-0.029774,MSTR,91,0.022093,2.2746,1,True,-0.00026951,74,True,True,False,True,True
19513,F4,4h,NVDA,ARM,2,2,rev,0,eq,0.002,2026-04-27,49,49,0.69388,0.020025,0.054299,2.5815,0.0064734,2.5815,0.0064734,0.0064734,21,28,0.023103,0.017716,0.018025,0,174,0.0083057,-0.14488,2026-02-24,2026-06-30,SPY,45,0.014596,1.6974,ARM,41,0.00249,0.31682,1,True,0.014596,45,True,True,False,True,True
19525,F4,4h,NVDA,ARM,3,3,rev,0,eq,0.002,2026-04-27,34,34,0.55882,0.030152,0.066919,2.6273,0.0064782,2.6273,0.0064782,0.0064782,15,19,0.020396,0.037854,0.028152,0,172,0.015091,-0.076601,2026-02-25,2026-06-29,SPY,33,0.011899,1.0456,ARM,32,0.011767,0.97236,1,True,0.011899,33,True,True,False,True,True
21197,F1,1d,BTC-USD,CONL,2,2,rev,p80,eq,0.002,2023-01-01,31,31,0.67742,0.060045,0.12893,2.593,0.0072832,2.593,0.0072832,0.0072832,6,25,0.08541,0.053957,0.058044,0.039775,602,0.0062781,-0.023572,2022-08-09,2024-12-30,SPY,37,0.017841,0.81862,CONL,31,0.04361,1.6186,1,True,0.017841,37,True,True,False,True,True
30035,F4,1d,NVDA,NVDL,1,1,rev,p80,eq,0.002,2023-01-01,36,36,0.61111,0.01586,0.037256,2.5542,0.0075759,2.5542,0.0075759,0.0075759,3,33,-0.0085327,0.018077,0.01386,0.035794,515,-0.00058646,-0.071783,2022-12-13,2024-12-31,SPY,48,0.0030301,0.49293,NVDL,38,0.012256,2.0454,1,True,0.0030301,48,True,False,False,True,False
26894,F2,1d,SHIB-USD,DOGE-USD,2,2,cont,p70,cn,0.004,2023-01-01,116,116,0.53448,0.022521,0.098923,2.452,0.0078554,2.452,0.0078554,0.0078554,51,65,0.011742,0.030978,0.018521,0.054226,1206,-0.0012466,0.10669,2021-09-12,2024-12-30,BTC-USD,153,0.0084132,1.4141,DOGE-USD,127,0.0051328,0.54805,1,True,0.0084132,153,True,True,False,True,True
24213,F2,1d,BCH-USD,ATOM-USD,1,1,rev,p70,cn,0.004,2023-01-01,214,214,0.53271,0.012115,0.075543,2.3461,0.0099438,2.3461,0.0099438,0.0099438,124,90,0.021071,-0.00022305,0.0081155,0.037943,1459,-0.0022365,-0.074527,2021-01-03,2024-12-31,BTC-USD,196,0.008727,1.5678,ATOM-USD,220,0.010522,2.0682,1,True,0.008727,196,True,False,False,True,False
26735,F2,1d,XLM-USD,ATOM-USD,1,1,rev,p80,cn,0.004,2023-01-01,146,146,0.57534,0.016886,0.087107,2.3423,0.010263,2.3423,0.010263,0.010263,106,40,0.020463,0.007406,0.012886,0.047593,1459,-0.0022365,-0.051373,2021-01-03,2024-12-31,BTC-USD,129,0.010111,1.3386,ATOM-USD,136,0.011826,1.6673,1,True,0.010111,129,True,True,False,True,True
17835,F3,4h,QQQ,LINK-USD,2,2,rev,p70,ce,0.004,2026-04-27,18,18,0.72222,0.0065182,0.01098,2.5185,0.011046,2.5185,0.011046,0.011046,9,9,0.0067556,0.0062807,0.0025181,0.014167,173,-0.0049423,-0.29264,2026-02-24,2026-06-29,BTC-USD,19,-0.00035843,-0.097517,LINK-USD,20,0.00342,0.7495,1,True,-0.00035843,19,True,False,False,False,True
19555,F4,4h,NVDA,SMH,3,3,rev,0,eq,0.002,2026-04-27,34,34,0.58823,0.011957,0.029449,2.3675,0.011961,2.3675,0.011961,0.011961,15,19,0.0039636,0.018268,0.0099572,0,172,0.0040969,-0.024177,2026-02-25,2026-06-29,SPY,33,0.0076955,1.3268,SMH,29,0.0064548,0.97894,1,True,0.0076955,33,True,True,False,True,True
18015,F3,4h,QQQ,SHIB-USD,2,2,rev,p70,ce,0.004,2026-04-27,18,18,0.72222,0.0068672,0.012015,2.4248,0.013374,2.4248,0.013374,0.013374,9,9,0.0072595,0.0064749,0.0028672,0.014167,173,-0.0059298,-0.28457,2026-02-24,2026-06-29,BTC-USD,19,-0.00030747,-0.084277,SHIB-USD,18,-0.0013943,-0.40683,1,True,-0.00030747,19,True,False,False,False,True
24026,F2,1d,BCH-USD,LINK-USD,3,3,cont,p70,cn,0.004,2023-01-01,110,110,0.50909,0.016386,0.077256,2.2245,0.014087,2.2245,0.014087,0.014087,61,49,0.021125,0.010486,0.012386,0.067959,1455,0.00068152,-0.022682,2021-01-05,2024-12-29,BTC-USD,132,0.013077,1.6216,LINK-USD,128,-0.014146,-1.772,1,True,0.013077,132,True,True,False,True,True
30055,F4,1d,NVDA,NVDL,3,3,rev,0,eq,0.002,2023-01-01,89,89,0.52809,0.022498,0.095199,2.2295,0.014163,2.2295,0.014163,0.014163,4,85,-0.043675,0.025612,0.020498,0,513,0.013125,-0.039339,2022-12-13,2024-12-27,SPY,90,0.019022,1.7707,NVDL,89,0.023292,2.3129,1,True,0.019022,90,True,False,False,True,False
30025,F4,1d,NVDA,SOXL,3,3,rev,0,eq,0.002,2023-01-01,181,181,0.56906,0.018237,0.11152,2.2001,0.014535,2.2001,0.014535,0.014535,96,85,0.016628,0.020055,0.016237,0,999,0.0017608,-0.036985,2021-01-08,2024-12-27,SPY,185,0.013263,1.6601,SOXL,197,0.014882,1.9936,1,True,0.013263,185,True,True,False,True,True
21047,F1,1d,BTC-USD,MSTR,2,2,rev,p80,eq,0.002,2023-01-01,67,67,0.61194,0.022172,0.081593,2.2243,0.014777,2.2243,0.014777,0.014777,51,16,0.014563,0.046425,0.020172,0.052963,1004,0.0028627,0.021623,2021-01-04,2024-12-30,SPY,67,0.015639,1.2008,MSTR,48,-0.00080942,-0.059735,1,True,0.015639,67,True,True,False,True,True
