family,lead,target,tf,L,H,direction,thr_name,n,mean_net,t,p,q,ic_L1H1,robust
F1,BTC-USD,COIN,1d,2,2,rev,p70,83,0.011419,1.389,0.08429,1,0.028369,True
F1,BTC-USD,COIN,1h,3,3,cont,p70,29,0.0020086,0.46454,0.32658,1,0.039401,False
F1,BTC-USD,COIN,4h,3,1,rev,0,90,0.0017727,0.65781,0.25618,1,-0.011702,True
F1,BTC-USD,CONL,1d,2,2,rev,p80,31,0.060045,2.593,0.0072832,1,-0.050586,True
F1,BTC-USD,CONL,1h,3,3,cont,p70,29,0.0057271,0.70166,0.25009,1,0.030523,False
F1,BTC-USD,CONL,4h,3,1,rev,0,90,0.0058591,1.0768,0.14225,1,-0.012952,True
F1,BTC-USD,HOOD,1d,3,3,rev,p80,41,0.024786,1.6115,0.057473,1,0.015468,True
F1,BTC-USD,HOOD,1h,3,3,cont,p70,29,0.0031419,0.98922,0.16551,1,-0.024167,False
F1,BTC-USD,HOOD,4h,3,1,rev,0,90,0.0039754,1.3349,0.09266,1,0.00735,True
F1,BTC-USD,IBIT,1d,3,3,rev,p80,11,0.031564,2.062,0.033083,1,-0.071365,False
F1,BTC-USD,IBIT,1h,2,2,rev,p80,27,-0.0014766,-0.89682,0.81098,1,-0.019342,False
F1,BTC-USD,IBIT,4h,3,3,rev,p80,14,0.0027125,0.22061,0.41441,1,-0.014527,False
F1,BTC-USD,MARA,1d,2,2,rev,p70,87,0.020403,2.0676,0.02084,1,-0.0048777,True
F1,BTC-USD,MARA,1h,3,3,cont,p70,29,0.00030023,0.048595,0.48079,1,0.017169,False
F1,BTC-USD,MARA,4h,2,2,rev,p70,26,0.01949,1.8634,0.0371,1,-0.033916,False
F1,BTC-USD,MSTR,1d,2,2,cont,p80,79,0.021657,2.5534,0.0063085,1,0.023842,True
F1,BTC-USD,MSTR,1h,3,3,rev,0,105,-0.0024244,-1.0396,0.85667,1,-0.024195,False
F1,BTC-USD,MSTR,4h,3,3,cont,0,40,-0.0016111,-0.22,0.58649,1,-0.025843,False
F1,BTC-USD,RIOT,1d,2,2,rev,p70,87,0.014075,1.5788,0.05903,1,-0.0072697,True
F1,BTC-USD,RIOT,1h,2,2,cont,p80,35,-0.0011281,-0.32719,0.62756,1,0.00044339,False
F1,BTC-USD,RIOT,4h,2,2,cont,0,54,0.012441,2.1958,0.016253,1,-0.0003234,True
F1,BTC-USD,SBIT,1d,1,1,cont,0,91,0.0023366,0.52735,0.29962,1,-0.038874,False
F1,BTC-USD,SBIT,1h,3,3,rev,p70,27,0.0029109,1.0653,0.14827,1,-0.012657,False
F1,BTC-USD,SBIT,4h,3,3,cont,p80,10,0.024726,2.1742,0.028857,1,0.024899,False
F1,ETH-USD,COIN,1d,2,2,cont,p70,112,0.01076,1.5527,0.061666,1,0.027937,True
F1,ETH-USD,COIN,1h,2,2,cont,p80,30,0.0024935,0.81951,0.21355,1,0.04201,False
F1,ETH-USD,COIN,4h,3,1,rev,0,94,0.0041125,1.5163,0.066422,1,-0.016778,True
F1,ETH-USD,ETHA,1d,3,3,rev,p70,11,0.017995,1.2833,0.11416,1,0.0128,False
F1,ETH-USD,ETHA,1h,3,3,cont,0,85,-0.00056563,-0.4766,0.68256,1,-0.017556,False
F1,ETH-USD,ETHA,4h,2,1,cont,p80,13,0.0018906,0.3956,0.34967,1,-0.02318,False
F1,XRP-USD,XRP,1h,3,3,rev,p80,21,0.0012219,0.58784,0.28161,1,-0.020954,False
F1,XRP-USD,XRP,4h,2,1,cont,p80,17,0.0024597,0.68699,0.25096,1,0.11219,False
F1,XRP-USD,XXRP,1h,3,3,rev,p80,21,0.0048796,1.0687,0.14898,1,-0.043665,False
F1,XRP-USD,XXRP,4h,2,1,cont,p80,17,0.0066155,0.98279,0.17017,1,0.10824,False
F2,ADA-USD,ATOM-USD,1d,1,1,rev,p70,209,0.0078327,1.553,0.060973,1,-0.023376,True
F2,ADA-USD,ATOM-USD,1h,1,1,cont,0,7737,-0.0040591,-42.23,1,1,0.021874,False
F2,ADA-USD,ATOM-USD,4h,3,3,cont,p80,208,-0.00029582,-0.12598,0.55007,1,0.029544,False
F2,ADA-USD,AVAX-USD,1d,2,2,cont,p80,83,0.010538,1.1439,0.128,1,-0.012802,False
F2,ADA-USD,AVAX-USD,1h,3,3,rev,p80,862,-0.0035376,-4.6903,1,1,0.014045,False
F2,ADA-USD,AVAX-USD,4h,3,3,cont,p80,208,-0.00035529,-0.14427,0.55729,1,0.016549,False
F2,ADA-USD,BCH-USD,1d,1,1,rev,p80,137,0.0066551,1.0126,0.15653,1,-0.022217,True
F2,ADA-USD,BCH-USD,1h,3,3,rev,p80,862,-0.0029835,-4.5665,1,1,0.025106,False
F2,ADA-USD,BCH-USD,4h,3,3,cont,p80,208,-5.9911e-05,-0.027607,0.51139,1,0.0022897,False
F2,ADA-USD,BTC-USD,1d,3,3,rev,p80,77,0.0062781,0.81744,0.20811,1,-0.05459,True
F2,ADA-USD,BTC-USD,1h,1,1,cont,0,7737,-0.0040064,-71.296,1,1,0.018295,False
F2,ADA-USD,BTC-USD,4h,3,3,cont,p80,208,-0.0028549,-2.1531,0.98377,1,0.04598,False
F2,ADA-USD,DOGE-USD,1d,2,2,cont,p80,91,0.011609,1.3808,0.085379,1,-0.022479,False
F2,ADA-USD,DOGE-USD,1h,3,3,rev,p80,862,-0.0034923,-4.4471,0.99999,1,0.01935,False
F2,ADA-USD,DOGE-USD,4h,3,3,cont,p80,208,-4.717e-05,-0.015108,0.50602,1,0.031962,False
F2,ADA-USD,DOT-USD,1d,1,1,rev,p80,127,0.0053367,1.0522,0.14736,1,0.0061496,True
F2,ADA-USD,DOT-USD,1h,1,1,cont,0,7737,-0.0041177,-39.757,1,1,0.017557,False
F2,ADA-USD,DOT-USD,4h,3,3,cont,p80,208,0.00048522,0.17361,0.43215,1,0.024968,False
F2,ADA-USD,ETH-USD,1d,1,1,rev,p70,209,0.0023404,0.64635,0.25938,1,-0.038955,False
F2,ADA-USD,ETH-USD,1h,1,1,cont,0,7737,-0.0039264,-48.264,1,1,0.04343,False
F2,ADA-USD,ETH-USD,4h,3,3,cont,p80,208,-0.0018123,-0.86342,0.80555,1,0.068996,False
F2,ADA-USD,LINK-USD,1d,3,3,rev,p80,77,0.016196,1.0807,0.14161,1,-0.020263,False
F2,ADA-USD,LINK-USD,1h,3,3,rev,p80,862,-0.0031597,-4.1414,0.99998,1,0.015457,False
F2,ADA-USD,LINK-USD,4h,3,3,cont,p80,208,0.00096595,0.37999,0.35986,1,0.035255,False
F2,ADA-USD,LTC-USD,1d,3,3,rev,p80,77,0.0070591,0.68142,0.24884,1,-0.020626,False
F2,ADA-USD,LTC-USD,1h,1,1,cont,0,7737,-0.0040319,-42.231,1,1,0.0083055,False
F2,ADA-USD,LTC-USD,4h,3,3,cont,p80,208,-0.00096224,-0.45518,0.68268,1,0.0084892,False
F2,ADA-USD,SHIB-USD,1d,2,2,cont,p70,125,0.019104,1.8282,0.034959,1,-0.01905,False
F2,ADA-USD,SHIB-USD,1h,1,1,cont,0,7737,-0.0040841,-40.665,1,1,0.012504,False
F2,ADA-USD,SHIB-USD,4h,3,3,rev,p80,211,-0.0014574,-0.55746,0.71459,1,0.017693,False
F2,ADA-USD,SOL-USD,1d,3,3,cont,0,263,0.011067,1.8858,0.030213,1,-0.02134,True
F2,ADA-USD,SOL-USD,1h,3,3,rev,p80,862,-0.0029394,-4.2351,0.99999,1,0.01088,False
F2,ADA-USD,SOL-USD,4h,3,3,cont,p80,208,-0.0012948,-0.6093,0.72994,1,0.044869,False
F2,ADA-USD,UNI-USD,1d,3,3,rev,p70,107,0.018816,1.5553,0.061427,1,-0.04082,True
F2,ADA-USD,UNI-USD,1h,3,3,cont,p80,866,-0.0034614,-4.7492,1,1,0.010211,False
F2,ADA-USD,UNI-USD,4h,3,3,cont,p80,208,0.00087047,0.29435,0.39085,1,0.023006,False
F2,ADA-USD,XLM-USD,1d,3,3,rev,p80,77,0.012728,1.2031,0.11633,1,0.042982,True
F2,ADA-USD,XLM-USD,1h,3,3,rev,p80,862,-0.0029042,-3.5812,0.99984,1,0.014318,False
F2,ADA-USD,XLM-USD,4h,3,3,cont,p80,208,0.001531,0.41992,0.34735,1,-0.0040396,False
F2,ADA-USD,XRP-USD,1d,3,3,cont,p80,33,0.051277,2.1655,0.018955,1,0.10511,False
F2,ADA-USD,XRP-USD,1h,3,3,rev,p80,862,-0.0023718,-2.8809,0.99804,1,-0.009436,False
F2,ADA-USD,XRP-USD,4h,3,3,cont,p80,208,0.00021631,0.078971,0.46857,1,0.0083612,False
F2,ATOM-USD,ADA-USD,1d,1,1,rev,p70,209,0.0054179,1.3749,0.085319,1,-0.074758,True
F2,ATOM-USD,ADA-USD,1h,3,3,rev,p70,1273,-0.0027358,-3.6291,0.99985,1,-0.018922,False
F2,ATOM-USD,ADA-USD,4h,3,3,rev,p80,208,-0.0038169,-1.3212,0.90605,1,-0.002046,False
F2,ATOM-USD,AVAX-USD,1d,3,3,rev,p80,72,0.013582,1.0824,0.14137,1,-0.068976,True
F2,ATOM-USD,AVAX-USD,1h,3,3,rev,p80,865,-0.0031475,-4.3849,0.99999,1,-0.0063693,False
F2,ATOM-USD,AVAX-USD,4h,3,3,rev,p80,208,-0.0043642,-1.5667,0.94065,1,-0.012406,False
F2,ATOM-USD,BCH-USD,1d,1,1,rev,p70,220,0.0075977,1.6197,0.053372,1,-0.062995,False
F2,ATOM-USD,BCH-USD,1h,3,3,rev,p80,865,-0.0030024,-4.492,1,1,-0.0030342,False
F2,ATOM-USD,BCH-USD,4h,3,3,rev,p80,208,-0.0020192,-0.76965,0.77881,1,-0.0050048,False
F2,ATOM-USD,BTC-USD,1d,3,1,rev,p80,135,0.0032396,0.84406,0.20007,1,-0.06673,False
F2,ATOM-USD,BTC-USD,1h,1,1,cont,0,7802,-0.0039882,-71.944,1,1,-0.0015876,False
F2,ATOM-USD,BTC-USD,4h,3,3,rev,p80,208,-0.004103,-2.913,0.99801,1,0.0030538,False
F2,ATOM-USD,DOGE-USD,1d,1,1,rev,p70,200,0.0030854,0.72615,0.2343,1,-0.056665,False
F2,ATOM-USD,DOGE-USD,1h,3,3,rev,p80,865,-0.0027759,-3.7449,0.99994,1,0.0030692,False
F2,ATOM-USD,DOGE-USD,4h,3,3,cont,p80,216,0.00061064,0.21714,0.41483,1,-0.0035422,False
F2,ATOM-USD,DOT-USD,1d,1,1,rev,p70,197,0.0027018,0.69678,0.24338,1,-0.040281,False
F2,ATOM-USD,DOT-USD,1h,3,3,rev,p80,865,-0.0033418,-4.7131,1,1,0.00052001,False
F2,ATOM-USD,DOT-USD,4h,3,3,cont,p80,216,-0.0014968,-0.55823,0.71137,1,-0.010913,False
F2,ATOM-USD,ETH-USD,1d,1,1,rev,p70,220,0.0066241,1.805,0.036226,1,-0.06048,True
F2,ATOM-USD,ETH-USD,1h,1,1,cont,0,7802,-0.0038878,-48.35,1,1,0.015051,False
F2,ATOM-USD,ETH-USD,4h,3,3,cont,p80,216,-0.0024741,-1.359,0.91221,1,0.016627,False
F2,ATOM-USD,LINK-USD,1d,2,1,rev,p80,143,0.010707,1.6906,0.046549,1,-0.070337,False
F2,ATOM-USD,LINK-USD,1h,3,3,rev,p80,865,-0.0029403,-3.9614,0.99996,1,-0.0074375,False
F2,ATOM-USD,LINK-USD,4h,3,3,cont,p70,310,-0.0020795,-0.99645,0.84009,1,-0.0089886,False
F2,ATOM-USD,LTC-USD,1d,1,1,rev,p70,220,0.0052228,1.4172,0.078919,1,-0.066062,False
F2,ATOM-USD,LTC-USD,1h,3,3,rev,p80,865,-0.0032152,-4.6491,1,1,-0.0083065,False
F2,ATOM-USD,LTC-USD,4h,3,3,cont,p80,216,-0.0014958,-0.7135,0.76339,1,-0.0079583,False
F2,ATOM-USD,SHIB-USD,1d,3,3,cont,p70,92,0.018378,1.2102,0.11467,1,-0.041248,True
F2,ATOM-USD,SHIB-USD,1h,3,3,rev,p80,865,-0.0030282,-4.4692,1,1,-0.0038016,False
F2,ATOM-USD,SHIB-USD,4h,3,3,rev,p80,208,-0.0030028,-1.2251,0.88903,1,-0.010342,False
F2,ATOM-USD,SOL-USD,1d,3,3,cont,0,268,0.0091778,1.5562,0.060424,1,-0.045111,False
F2,ATOM-USD,SOL-USD,1h,3,3,rev,p80,865,-0.0027135,-4.4158,0.99999,1,-0.012911,False
F2,ATOM-USD,SOL-USD,4h,3,3,cont,p80,216,-0.0024275,-1.1788,0.88373,1,0.012116,False
F2,ATOM-USD,UNI-USD,1d,1,1,rev,p70,220,0.0086007,1.715,0.043877,1,-0.046912,True
F2,ATOM-USD,UNI-USD,1h,3,3,cont,p80,885,-0.0035833,-4.8828,1,1,-0.00046522,False
F2,ATOM-USD,UNI-USD,4h,3,3,cont,p80,216,-0.0013865,-0.47077,0.68086,1,-0.0051599,False
F2,ATOM-USD,XLM-USD,1d,2,1,rev,p80,143,0.008586,1.6754,0.048032,1,-0.016362,False
F2,ATOM-USD,XLM-USD,1h,3,3,rev,p80,865,-0.002344,-2.9863,0.99923,1,-0.019607,False
F2,ATOM-USD,XLM-USD,4h,3,3,rev,p80,208,0.00083555,0.2788,0.39262,1,-0.018144,False
F2,ATOM-USD,XRP-USD,1d,1,1,cont,p70,85,0.0091905,1.2536,0.10674,1,0.063837,True
F2,ATOM-USD,XRP-USD,1h,3,3,rev,p80,865,-0.0024546,-3.3504,0.99958,1,-0.030547,False
F2,ATOM-USD,XRP-USD,4h,3,3,rev,p80,208,0.00098148,0.32811,0.37466,1,-0.036823,False
F2,AVAX-USD,ADA-USD,1d,3,3,cont,p70,96,0.0034239,0.40775,0.34219,1,-0.032855,False
F2,AVAX-USD,ADA-USD,1h,3,3,rev,p70,1253,-0.0030626,-4.0182,0.99997,1,-0.019035,False
F2,AVAX-USD,ADA-USD,4h,3,3,rev,p80,213,-0.0040519,-1.376,0.91487,1,0.01905,False
F2,AVAX-USD,ATOM-USD,1d,2,2,cont,p80,89,0.0021775,0.32363,0.37349,1,0.0031373,False
F2,AVAX-USD,ATOM-USD,1h,1,1,cont,0,7599,-0.0040544,-41.896,1,1,-0.0058055,False
F2,AVAX-USD,ATOM-USD,4h,3,3,rev,p80,213,-0.0048932,-1.7145,0.95605,1,0.016337,False
F2,AVAX-USD,BCH-USD,1d,3,3,rev,0,249,0.00133,0.29455,0.38429,1,-0.0067092,False
F2,AVAX-USD,BCH-USD,1h,1,1,cont,0,7599,-0.0039358,-40.318,1,1,0.0037444,False
F2,AVAX-USD,BCH-USD,4h,3,3,rev,p70,312,-0.0016615,-0.80866,0.79033,1,0.0028014,False
F2,AVAX-USD,BTC-USD,1d,3,3,rev,0,249,0.0012998,0.39598,0.34623,1,-0.028669,False
F2,AVAX-USD,BTC-USD,1h,1,1,cont,0,7599,-0.0039722,-70.511,1,1,-0.0056453,False
F2,AVAX-USD,BTC-USD,4h,3,3,rev,p80,213,-0.0036754,-2.5807,0.99473,1,0.0093833,False
F2,AVAX-USD,DOGE-USD,1d,2,2,cont,p70,126,0.012587,1.6435,0.051395,1,-0.027891,True
F2,AVAX-USD,DOGE-USD,1h,1,1,cont,0,7599,-0.0038926,-34.43,1,1,-0.0065229,False
F2,AVAX-USD,DOGE-USD,4h,3,3,cont,p80,211,-0.0029264,-0.90992,0.81805,1,0.0093854,False
F2,AVAX-USD,DOT-USD,1d,3,3,rev,p80,57,-0.0015577,-0.15896,0.56287,1,-0.0038726,False
F2,AVAX-USD,DOT-USD,1h,3,3,rev,p80,870,-0.0034708,-4.6653,1,1,-0.0012656,False
F2,AVAX-USD,DOT-USD,4h,3,3,cont,p80,211,-0.0041562,-1.5542,0.9392,1,0.0086194,False
F2,AVAX-USD,ETH-USD,1d,3,3,cont,p70,96,0.00081499,0.13866,0.44501,1,-0.019978,False
F2,AVAX-USD,ETH-USD,1h,1,1,cont,0,7599,-0.0038753,-47.224,1,1,0.0083204,False
F2,AVAX-USD,ETH-USD,4h,3,3,cont,p80,211,-0.0029083,-1.4118,0.92026,1,0.027801,False
F2,AVAX-USD,LINK-USD,1d,2,2,cont,0,338,0.00025884,0.071585,0.47149,1,-0.021756,False
F2,AVAX-USD,LINK-USD,1h,3,3,rev,p80,870,-0.0033048,-4.4695,1,1,-0.011694,False
F2,AVAX-USD,LINK-USD,4h,3,3,cont,p80,211,-0.00231,-0.92652,0.82238,1,-0.00069732,False
F2,AVAX-USD,LTC-USD,1d,3,3,rev,0,249,0.00075886,0.16344,0.43515,1,-0.023411,False
F2,AVAX-USD,LTC-USD,1h,3,3,rev,p80,870,-0.0033226,-4.7891,1,1,-0.0099876,False
F2,AVAX-USD,LTC-USD,4h,3,3,cont,p80,211,-0.0023659,-1.0604,0.85491,1,0.00089441,False
F2,AVAX-USD,SHIB-USD,1d,3,3,cont,0,238,0.019202,1.6031,0.055127,1,-0.029417,True
F2,AVAX-USD,SHIB-USD,1h,1,1,cont,0,7599,-0.0039981,-39.706,1,1,-0.013152,False
F2,AVAX-USD,SHIB-USD,4h,3,3,rev,p80,213,-0.0028736,-1.1437,0.87297,1,-0.0072171,False
F2,AVAX-USD,SOL-USD,1d,3,3,cont,0,238,0.0058715,1.0689,0.1431,1,-0.016269,False
F2,AVAX-USD,SOL-USD,1h,1,1,cont,0,7599,-0.0040425,-42.018,1,1,-0.018729,False
F2,AVAX-USD,SOL-USD,4h,3,3,rev,p80,213,-0.0045413,-1.7539,0.95956,1,0.020617,False
F2,AVAX-USD,UNI-USD,1d,3,3,rev,0,249,0.0029612,0.49134,0.31181,1,-0.012645,False
F2,AVAX-USD,UNI-USD,1h,3,3,cont,p80,873,-0.0030925,-4.3439,0.99999,1,-0.0047285,False
F2,AVAX-USD,UNI-USD,4h,3,3,cont,p80,211,-0.0022652,-0.73635,0.76883,1,0.0099112,False
F2,AVAX-USD,XLM-USD,1d,3,3,rev,0,249,0.0048475,0.96279,0.1683,1,0.010256,False
F2,AVAX-USD,XLM-USD,1h,3,3,cont,p80,873,-0.0030715,-3.9529,0.99996,1,-0.0094862,False
F2,AVAX-USD,XLM-USD,4h,3,3,rev,p80,213,-7.6085e-05,-0.02569,0.51024,1,0.0022364,False
F2,AVAX-USD,XRP-USD,1d,3,3,cont,0,109,0.0064194,0.90227,0.18446,1,0.0093421,False
F2,AVAX-USD,XRP-USD,1h,3,3,rev,p80,870,-0.0027133,-3.8357,0.99993,1,-0.029119,False
F2,AVAX-USD,XRP-USD,4h,3,3,cont,p80,211,0.00086299,0.29142,0.38674,1,-0.0089493,False
F2,BCH-USD,ADA-USD,1d,3,3,cont,p70,100,0.01648,1.9791,0.02529,1,-0.072587,True
F2,BCH-USD,ADA-USD,1h,3,3,rev,p80,860,-0.0030137,-3.7726,0.99991,1,-0.031858,False
F2,BCH-USD,ADA-USD,4h,3,3,rev,p80,214,-0.0015674,-0.52911,0.71035,1,-0.0083305,False
F2,BCH-USD,ATOM-USD,1d,1,1,rev,p80,141,0.018492,2.5906,0.0052981,1,-0.074527,True
F2,BCH-USD,ATOM-USD,1h,3,3,rev,p80,860,-0.0031363,-4.2147,0.99999,1,-0.027398,False
F2,BCH-USD,ATOM-USD,4h,3,3,cont,p80,225,-0.0030541,-1.3417,0.90948,1,0.013724,False
F2,BCH-USD,AVAX-USD,1d,2,2,cont,0,356,0.0028042,0.78116,0.21762,1,-0.049761,True
F2,BCH-USD,AVAX-USD,1h,3,3,rev,p80,860,-0.0032211,-4.5382,1,1,-0.021189,False
F2,BCH-USD,AVAX-USD,4h,3,3,rev,p80,214,-0.0020173,-0.75638,0.78503,1,-0.022024,False
F2,BCH-USD,BTC-USD,1d,3,3,cont,p70,110,0.0053156,0.98147,0.16427,1,-0.075767,True
F2,BCH-USD,BTC-USD,1h,1,1,cont,0,7918,-0.00403,-72.898,1,1,-0.015949,False
F2,BCH-USD,BTC-USD,4h,3,3,rev,p80,214,-0.0030051,-2.021,0.98476,1,0.0082215,False
F2,BCH-USD,DOGE-USD,1d,1,1,rev,p70,198,0.0071908,1.7288,0.042703,1,-0.023833,True
F2,BCH-USD,DOGE-USD,1h,3,3,rev,p80,860,-0.0028516,-3.7065,0.99995,1,-0.007448,False
F2,BCH-USD,DOGE-USD,4h,3,3,rev,p80,214,-0.002361,-0.87009,0.8241,1,0.0012975,False
F2,BCH-USD,DOT-USD,1d,3,3,cont,p70,97,0.01166,1.3159,0.095668,1,-0.03009,True
F2,BCH-USD,DOT-USD,1h,3,3,rev,p80,860,-0.0028817,-3.8745,0.99994,1,-0.019907,False
F2,BCH-USD,DOT-USD,4h,3,3,rev,p80,214,-0.0017447,-0.62856,0.74639,1,-0.0087325,False
F2,BCH-USD,ETH-USD,1d,3,3,cont,p70,110,0.013704,2.1167,0.018281,1,-0.062537,True
F2,BCH-USD,ETH-USD,1h,1,1,cont,0,7918,-0.0040168,-50.107,1,1,-0.0078293,False
F2,BCH-USD,ETH-USD,4h,3,3,rev,p80,214,-0.0037173,-1.7318,0.96905,1,0.023964,False
F2,BCH-USD,LINK-USD,1d,3,3,cont,p70,110,0.016386,2.2245,0.014087,1,-0.065027,True
F2,BCH-USD,LINK-USD,1h,3,3,rev,p80,860,-0.0022273,-2.9388,0.99831,1,-0.029694,False
F2,BCH-USD,LINK-USD,4h,3,3,rev,p80,214,-0.0012605,-0.42977,0.6765,1,-0.0042063,False
F2,BCH-USD,LTC-USD,1d,3,3,cont,p70,110,0.0095005,1.4674,0.072579,1,-0.055111,True
F2,BCH-USD,LTC-USD,1h,3,3,rev,p80,860,-0.0029311,-4.109,0.99998,1,-0.027569,False
F2,BCH-USD,LTC-USD,4h,3,3,rev,p80,214,-0.0023922,-0.90288,0.8319,1,-0.004571,False
F2,BCH-USD,SHIB-USD,1d,3,3,cont,p70,89,0.04216,2.1676,0.016445,1,-0.016151,True
F2,BCH-USD,SHIB-USD,1h,3,3,rev,p80,860,-0.0032635,-4.9061,1,1,-0.017658,False
F2,BCH-USD,SHIB-USD,4h,3,3,rev,p80,214,-0.0012916,-0.52513,0.70902,1,-0.014739,False
F2,BCH-USD,SOL-USD,1d,2,2,cont,0,386,0.0074324,1.8932,0.029538,1,-0.030132,True
F2,BCH-USD,SOL-USD,1h,3,3,rev,p80,860,-0.0027138,-4.3986,0.99999,1,-0.030961,False
F2,BCH-USD,SOL-USD,4h,3,3,cont,p80,225,-0.0029302,-1.4561,0.92661,1,0.0010946,False
F2,BCH-USD,UNI-USD,1d,1,1,rev,p70,214,0.006488,1.243,0.10761,1,-0.066332,False
F2,BCH-USD,UNI-USD,1h,3,3,rev,p80,860,-0.0031675,-3.9592,0.99996,1,-0.020298,False
F2,BCH-USD,UNI-USD,4h,3,3,rev,p80,214,-0.0002953,-0.10032,0.54233,1,0.00025943,False
F2,BCH-USD,XLM-USD,1d,1,1,rev,p70,214,0.0070868,1.9077,0.028886,1,-0.034029,False
F2,BCH-USD,XLM-USD,1h,3,3,rev,p80,860,-0.0027338,-3.5838,0.99986,1,-0.025608,False
F2,BCH-USD,XLM-USD,4h,3,3,rev,p80,214,0.0033704,1.0736,0.14212,1,-0.017323,False
F2,BCH-USD,XRP-USD,1d,3,3,cont,p70,44,0.025274,1.6943,0.048721,1,0.031859,True
F2,BCH-USD,XRP-USD,1h,3,3,rev,p80,860,-0.0024933,-3.4175,0.99967,1,-0.03936,False
F2,BCH-USD,XRP-USD,4h,3,3,rev,p80,214,0.0024106,0.82931,0.20393,1,-0.029603,False
F2,BTC-USD,ADA-USD,1d,1,1,rev,p80,129,0.0096692,1.7018,0.045611,1,-0.084052,True
F2,BTC-USD,ADA-USD,1h,3,3,rev,p80,834,-0.0030837,-3.0423,0.99879,1,-0.027015,False
F2,BTC-USD,ADA-USD,4h,3,3,rev,p80,199,-0.0011516,-0.36889,0.64867,1,0.0047461,False
F2,BTC-USD,ATOM-USD,1d,1,1,rev,p70,196,0.008727,1.5678,0.059272,1,-0.046382,True
F2,BTC-USD,ATOM-USD,1h,1,1,cont,0,8062,-0.0042214,-45.342,1,1,-0.023112,False
F2,BTC-USD,ATOM-USD,4h,3,3,rev,p80,199,-0.0051469,-1.8128,0.96533,1,0.0046413,False
F2,BTC-USD,AVAX-USD,1d,3,3,cont,p80,71,0.013921,1.2706,0.10404,1,-0.035559,True
F2,BTC-USD,AVAX-USD,1h,1,1,cont,0,8062,-0.0041329,-40.876,1,1,-0.012794,False
F2,BTC-USD,AVAX-USD,4h,3,3,rev,p80,199,-0.0026235,-0.89212,0.81592,1,-0.013986,False
F2,BTC-USD,BCH-USD,1d,2,2,cont,p70,170,0.007907,1.2662,0.10358,1,-0.0315,True
F2,BTC-USD,BCH-USD,1h,1,1,cont,0,8062,-0.0040633,-44.511,1,1,-0.0070659,False
F2,BTC-USD,BCH-USD,4h,3,3,rev,p80,199,-0.0015052,-0.58156,0.71924,1,0.01082,False
F2,BTC-USD,DOGE-USD,1d,3,3,cont,p80,77,0.021124,1.6298,0.053647,1,-0.053835,True
F2,BTC-USD,DOGE-USD,1h,1,1,cont,0,8062,-0.0040846,-38.116,1,1,-0.014865,False
F2,BTC-USD,DOGE-USD,4h,3,3,cont,p80,210,-0.0011956,-0.41923,0.66226,1,0.00070932,False
F2,BTC-USD,DOT-USD,1d,3,3,cont,p80,77,0.010298,0.94187,0.17462,1,-0.051922,True
F2,BTC-USD,DOT-USD,1h,1,1,cont,0,8062,-0.0041547,-41.229,1,1,-0.018686,False
F2,BTC-USD,DOT-USD,4h,3,3,rev,p80,199,-0.0027949,-0.93388,0.82576,1,-0.011847,False
F2,BTC-USD,ETH-USD,1d,3,3,cont,0,321,0.0047323,1.4167,0.07877,1,-0.026412,True
F2,BTC-USD,ETH-USD,1h,1,1,cont,0,8062,-0.0039815,-50.569,1,1,-0.0018962,False
F2,BTC-USD,ETH-USD,4h,3,3,cont,p80,210,-0.002325,-1.0869,0.86083,1,0.027384,False
F2,BTC-USD,LINK-USD,1d,3,3,cont,p70,132,0.013077,1.6216,0.053646,1,-0.03892,True
F2,BTC-USD,LINK-USD,1h,3,3,rev,p80,834,-0.0033659,-4.4265,0.99999,1,-0.013598,False
F2,BTC-USD,LINK-USD,4h,3,3,rev,p80,199,-0.0023072,-0.72826,0.76982,1,-0.00088979,False
F2,BTC-USD,LTC-USD,1d,3,3,cont,p80,83,0.0054036,0.72583,0.235,1,-0.016047,True
F2,BTC-USD,LTC-USD,1h,1,1,cont,0,8062,-0.0041535,-46.616,1,1,-0.024382,False
F2,BTC-USD,LTC-USD,4h,3,3,rev,p80,199,-0.0014432,-0.50865,0.69808,1,0.0049807,False
F2,BTC-USD,SHIB-USD,1d,2,2,cont,p70,139,0.015932,1.8425,0.033773,1,-0.037526,True
F2,BTC-USD,SHIB-USD,1h,1,1,cont,0,8062,-0.004153,-42.891,1,1,-0.02047,False
F2,BTC-USD,SHIB-USD,4h,3,3,rev,p80,199,-0.00093419,-0.37395,0.64597,1,-0.014823,False
F2,BTC-USD,SOL-USD,1d,3,3,cont,0,286,0.011285,2.0436,0.020956,1,-0.024839,True
F2,BTC-USD,SOL-USD,1h,1,1,cont,0,8062,-0.004107,-43.642,1,1,-0.017509,False
F2,BTC-USD,SOL-USD,4h,3,3,rev,p80,199,-0.0023963,-0.95534,0.82971,1,0.019903,False
F2,BTC-USD,UNI-USD,1d,1,1,rev,p70,196,0.0067581,1.245,0.10731,1,-0.043014,True
F2,BTC-USD,UNI-USD,1h,1,1,cont,0,8062,-0.0040621,-34.781,1,1,-0.012409,False
F2,BTC-USD,UNI-USD,4h,3,3,rev,p80,199,-0.0018661,-0.56269,0.71404,1,0.011662,False
F2,BTC-USD,XLM-USD,1d,2,1,rev,p80,137,0.0091368,1.6566,0.049948,1,-0.011626,True
F2,BTC-USD,XLM-USD,1h,3,3,rev,p80,834,-0.0032954,-4.4362,1,1,-0.0060667,False
F2,BTC-USD,XLM-USD,4h,3,3,rev,p80,199,0.00075523,0.25385,0.39994,1,-0.018818,False
F2,BTC-USD,XRP-USD,1d,3,3,cont,p80,38,0.052441,2.1271,0.020073,1,0.10308,True
F2,BTC-USD,XRP-USD,1h,3,3,rev,p80,834,-0.0030352,-4.0706,0.99998,1,-0.025287,False
F2,BTC-USD,XRP-USD,4h,3,3,rev,p80,199,0.00043453,0.13789,0.44523,1,-0.01338,False
F2,DOGE-USD,ADA-USD,1d,3,3,cont,0,260,0.0037801,0.78375,0.21695,1,-0.036185,True
F2,DOGE-USD,ADA-USD,1h,3,3,rev,p80,836,-0.0029681,-2.7704,0.99714,1,-0.018856,False
F2,DOGE-USD,ADA-USD,4h,3,3,rev,p80,215,-0.0030442,-1.0167,0.84841,1,0.0046673,False
F2,DOGE-USD,ATOM-USD,1d,3,3,rev,p80,69,0.018063,1.3459,0.091408,1,-0.0012984,True
F2,DOGE-USD,ATOM-USD,1h,3,3,rev,p80,836,-0.0035389,-4.6804,1,1,-0.0091858,False
F2,DOGE-USD,ATOM-USD,4h,3,3,rev,p80,215,-0.0035676,-1.179,0.88445,1,0.0063546,False
F2,DOGE-USD,AVAX-USD,1d,3,3,cont,p70,94,0.01181,1.2711,0.10343,1,-0.019012,False
F2,DOGE-USD,AVAX-USD,1h,3,3,rev,p80,836,-0.0034724,-4.4798,1,1,-0.0013378,False
F2,DOGE-USD,AVAX-USD,4h,3,3,rev,p80,215,-0.0037502,-1.3076,0.9038,1,-0.017557,False
F2,DOGE-USD,BCH-USD,1d,2,2,cont,p80,95,0.0038813,0.41273,0.34037,1,0.0099859,False
F2,DOGE-USD,BCH-USD,1h,3,3,rev,p80,836,-0.0033637,-4.928,1,1,-0.0026453,False
F2,DOGE-USD,BCH-USD,4h,3,3,rev,p80,215,-0.0016263,-0.60839,0.74005,1,-0.0080627,False
F2,DOGE-USD,BTC-USD,1d,3,3,rev,p80,69,0.0030106,0.38426,0.35099,1,-0.0090895,True
F2,DOGE-USD,BTC-USD,1h,1,1,cont,0,8018,-0.003974,-73.143,1,1,-0.0073074,False
F2,DOGE-USD,BTC-USD,4h,3,3,rev,p80,215,-0.0036413,-2.6236,0.99534,1,0.00011629,False
F2,DOGE-USD,DOT-USD,1d,3,3,rev,p80,67,0.005541,0.47713,0.31742,1,-0.018706,True
F2,DOGE-USD,DOT-USD,1h,3,3,rev,p80,836,-0.0034203,-4.3954,0.99999,1,-0.0073626,False
F2,DOGE-USD,DOT-USD,4h,3,3,rev,p80,215,-0.0033017,-1.1587,0.8775,1,-0.0010378,False
F2,DOGE-USD,ETH-USD,1d,3,3,cont,0,260,0.0014663,0.42894,0.33416,1,-0.021389,False
F2,DOGE-USD,ETH-USD,1h,1,1,cont,0,8018,-0.0038772,-49.233,1,1,0.0069426,False
F2,DOGE-USD,ETH-USD,4h,3,3,rev,p80,215,-0.0046649,-2.1719,0.98735,1,0.0215,False
F2,DOGE-USD,LINK-USD,1d,3,3,cont,p80,72,0.0078823,0.9321,0.17722,1,7.023e-06,False
F2,DOGE-USD,LINK-USD,1h,3,3,rev,p80,836,-0.0025387,-3.0476,0.99881,1,-0.0089698,False
F2,DOGE-USD,LINK-USD,4h,3,3,rev,p80,215,-0.0027437,-0.88222,0.81447,1,-0.011812,False
F2,DOGE-USD,LTC-USD,1d,3,3,rev,p80,69,0.0041358,0.43945,0.33086,1,0.017628,True
F2,DOGE-USD,LTC-USD,1h,3,3,rev,p80,836,-0.0031052,-4.1011,0.99998,1,-0.011373,False
F2,DOGE-USD,LTC-USD,4h,3,3,rev,p80,215,-0.0024189,-0.91409,0.82783,1,0.003286,False
F2,DOGE-USD,SHIB-USD,1d,3,3,cont,p70,95,0.041626,1.8106,0.036702,1,-0.001201,True
F2,DOGE-USD,SHIB-USD,1h,1,1,cont,0,8018,-0.0040225,-40.97,1,1,-0.0025148,False
F2,DOGE-USD,SHIB-USD,4h,3,3,rev,p80,215,-0.0023442,-0.92635,0.83199,1,-0.019257,False
F2,DOGE-USD,SOL-USD,1d,3,3,cont,0,259,0.012188,2.074,0.019534,1,-0.015451,True
F2,DOGE-USD,SOL-USD,1h,3,3,rev,p80,836,-0.0032097,-4.5777,1,1,-0.018709,False
F2,DOGE-USD,SOL-USD,4h,3,3,rev,p80,215,-0.0040486,-1.5703,0.94109,1,0.015569,False
F2,DOGE-USD,UNI-USD,1d,2,2,rev,p70,138,0.0064401,0.8091,0.20993,1,-0.026532,False
F2,DOGE-USD,UNI-USD,1h,3,3,rev,p80,836,-0.0033038,-3.9268,0.99995,1,-0.0030676,False
F2,DOGE-USD,UNI-USD,4h,3,3,rev,p80,215,-0.0033159,-1.1102,0.86593,1,0.0097921,False
F2,DOGE-USD,XLM-USD,1d,2,2,cont,p80,95,0.0051703,0.59961,0.2751,1,0.025056,False
F2,DOGE-USD,XLM-USD,1h,3,3,rev,p80,836,-0.0030801,-3.6891,0.99996,1,-0.0057206,False
F2,DOGE-USD,XLM-USD,4h,3,3,rev,p80,215,-0.0005551,-0.19337,0.57876,1,-0.015373,False
F2,DOGE-USD,XRP-USD,1d,3,3,cont,p80,34,0.032673,1.6588,0.053311,1,0.0699,False
F2,DOGE-USD,XRP-USD,1h,3,3,rev,p80,836,-0.0028149,-3.3428,0.99968,1,-0.026731,False
F2,DOGE-USD,XRP-USD,4h,3,3,cont,p80,214,-0.0015508,-0.62219,0.73276,1,-0.016674,False
F2,DOT-USD,ADA-USD,1d,3,3,cont,0,266,0.0032003,0.68046,0.2484,1,-0.023867,False
F2,DOT-USD,ADA-USD,1h,1,1,cont,0,7708,-0.0041575,-37.035,1,1,-0.018106,False
F2,DOT-USD,ADA-USD,4h,3,3,cont,p80,198,-0.0023155,-0.80481,0.78905,1,0.02214,False
F2,DOT-USD,ATOM-USD,1d,2,2,cont,p80,94,0.005344,0.72547,0.23499,1,0.018388,True
F2,DOT-USD,ATOM-USD,1h,1,1,cont,0,7708,-0.0041442,-43.292,1,1,-0.0089346,False
F2,DOT-USD,ATOM-USD,4h,3,3,cont,p80,198,-0.0019819,-0.775,0.78036,1,0.020024,False
F2,DOT-USD,AVAX-USD,1d,3,3,cont,p80,64,0.0084308,0.65947,0.256,1,-0.011969,True
F2,DOT-USD,AVAX-USD,1h,1,1,cont,0,7708,-0.0041127,-39.236,1,1,-0.0076041,False
F2,DOT-USD,AVAX-USD,4h,3,3,cont,p80,198,-0.002754,-1.0951,0.86319,1,-0.00096331,False
F2,DOT-USD,BCH-USD,1d,3,3,cont,0,266,0.0014966,0.3005,0.38202,1,0.0046779,False
F2,DOT-USD,BCH-USD,1h,1,1,cont,0,7708,-0.0039812,-40.833,1,1,0.0015972,False
F2,DOT-USD,BCH-USD,4h,3,3,rev,p80,225,-0.0034033,-1.3262,0.90694,1,-0.0011212,False
F2,DOT-USD,BTC-USD,1d,3,3,cont,p80,71,0.0033251,0.53039,0.29876,1,-0.01494,True
F2,DOT-USD,BTC-USD,1h,1,1,cont,0,7708,-0.0040319,-71.182,1,1,-0.0054922,False
F2,DOT-USD,BTC-USD,4h,3,3,cont,p80,198,-0.0039421,-2.9567,0.99832,1,0.012824,False
F2,DOT-USD,DOGE-USD,1d,2,2,cont,p70,133,0.01337,1.7371,0.042347,1,-0.024202,True
F2,DOT-USD,DOGE-USD,1h,3,3,rev,p80,880,-0.0035994,-4.6548,1,1,-0.00039766,False
F2,DOT-USD,DOGE-USD,4h,3,3,cont,p80,198,0.00044946,0.14371,0.44473,1,0.015619,False
F2,DOT-USD,ETH-USD,1d,3,3,cont,p80,71,0.0064686,0.8704,0.19353,1,-0.011137,True
F2,DOT-USD,ETH-USD,1h,1,1,cont,0,7708,-0.0039871,-48.756,1,1,0.010709,False
F2,DOT-USD,ETH-USD,4h,3,3,cont,p80,198,-0.0026037,-1.3109,0.90916,1,0.035993,False
F2,DOT-USD,LINK-USD,1d,3,3,cont,0,266,0.004392,0.94131,0.1737,1,0.00042066,False
F2,DOT-USD,LINK-USD,1h,3,3,rev,p80,880,-0.0033502,-4.4906,1,1,-0.011092,False
F2,DOT-USD,LINK-USD,4h,3,3,cont,p80,198,-0.0031949,-1.2798,0.89895,1,0.0079819,False
F2,DOT-USD,LTC-USD,1d,1,1,rev,p70,199,0.00068034,0.20571,0.41861,1,-0.024418,False
F2,DOT-USD,LTC-USD,1h,3,3,rev,p80,880,-0.0033451,-4.6888,1,1,-0.01217,False
F2,DOT-USD,LTC-USD,4h,3,3,cont,p80,198,-0.0021167,-0.90994,0.81802,1,0.012895,False
F2,DOT-USD,SHIB-USD,1d,3,3,cont,0,246,0.01723,1.4425,0.075224,1,-0.016269,True
F2,DOT-USD,SHIB-USD,1h,1,1,cont,0,7708,-0.0040842,-40.513,1,1,-0.0041273,False
F2,DOT-USD,SHIB-USD,4h,3,3,cont,p80,198,-0.0022616,-0.94275,0.82652,1,0.0037132,False
F2,DOT-USD,SOL-USD,1d,2,2,cont,p70,133,0.013971,1.8191,0.035579,1,-0.012335,True
F2,DOT-USD,SOL-USD,1h,1,1,cont,0,7708,-0.0040707,-42.275,1,1,-0.01695,False
F2,DOT-USD,SOL-USD,4h,3,3,cont,p80,198,-0.0024946,-1.1282,0.87245,1,0.025968,False
F2,DOT-USD,UNI-USD,1d,3,3,cont,p80,71,0.014366,1.5175,0.066823,1,0.0025604,True
F2,DOT-USD,UNI-USD,1h,3,3,cont,p80,871,-0.0027822,-3.4689,0.99973,1,-0.0038346,False
F2,DOT-USD,UNI-USD,4h,2,2,rev,p80,295,-0.0014481,-0.6362,0.73743,1,0.018653,False
F2,DOT-USD,XLM-USD,1d,1,1,cont,p80,135,0.0043205,0.62566,0.2663,1,0.029247,False
F2,DOT-USD,XLM-USD,1h,3,3,cont,p80,871,-0.0027018,-3.4218,0.99967,1,-0.017009,False
F2,DOT-USD,XLM-USD,4h,3,3,cont,p80,198,0.0019548,0.47933,0.32804,1,0.0055403,False
F2,DOT-USD,XRP-USD,1d,1,1,cont,p70,86,0.0066011,1.0543,0.14736,1,0.050733,False
F2,DOT-USD,XRP-USD,1h,3,3,rev,p80,880,-0.0032389,-4.3212,0.99999,1,-0.033392,False
F2,DOT-USD,XRP-USD,4h,3,3,cont,p80,198,0.000742,0.25742,0.40201,1,-0.013886,False
F2,ETH-USD,ADA-USD,1d,1,1,rev,p80,134,0.0071395,1.2717,0.10285,1,-0.059021,True
F2,ETH-USD,ADA-USD,1h,3,3,rev,p80,823,-0.0030585,-2.867,0.99787,1,-0.023772,False
F2,ETH-USD,ADA-USD,4h,3,3,cont,p70,304,-0.0020467,-0.83604,0.7981,1,0.016949,False
F2,ETH-USD,ATOM-USD,1d,1,1,rev,p70,206,0.01143,2.0491,0.020861,1,-0.064686,True
F2,ETH-USD,ATOM-USD,1h,1,1,cont,0,8078,-0.0041875,-45.409,1,1,-0.017284,False
F2,ETH-USD,ATOM-USD,4h,2,2,rev,p80,274,-0.0041593,-2.0002,0.97676,1,0.0029692,False
F2,ETH-USD,AVAX-USD,1d,3,3,cont,p80,65,0.0085796,0.68451,0.24806,1,-0.018291,True
F2,ETH-USD,AVAX-USD,1h,1,1,cont,0,8078,-0.0041308,-40.389,1,1,-0.012015,False
F2,ETH-USD,AVAX-USD,4h,3,3,rev,p80,202,-0.004528,-1.613,0.94584,1,-0.0060395,False
F2,ETH-USD,BCH-USD,1d,3,3,cont,p70,123,0.012678,1.2268,0.11114,1,-0.047296,True
F2,ETH-USD,BCH-USD,1h,1,1,cont,0,8078,-0.0040638,-43.956,1,1,-0.0050474,False
F2,ETH-USD,BCH-USD,4h,3,3,rev,p70,296,-0.0022289,-1.0921,0.86418,1,0.0072914,False
F2,ETH-USD,BTC-USD,1d,3,3,cont,p80,82,0.004199,0.58249,0.28093,1,-0.070314,True
F2,ETH-USD,BTC-USD,1h,1,1,cont,0,8078,-0.004017,-73.964,1,1,-0.0075119,False
F2,ETH-USD,BTC-USD,4h,3,3,rev,p80,202,-0.0044941,-3.1662,0.99911,1,-0.0055932,False
F2,ETH-USD,DOGE-USD,1d,2,2,cont,p80,96,0.014974,1.7073,0.045516,1,-0.059644,False
F2,ETH-USD,DOGE-USD,1h,3,3,rev,p80,823,-0.0035841,-4.4094,0.99999,1,-0.011382,False
F2,ETH-USD,DOGE-USD,4h,2,2,cont,p70,397,-0.0012679,-0.82508,0.80111,1,0.0041121,False
F2,ETH-USD,DOT-USD,1d,1,1,rev,p80,127,0.0034337,0.686,0.24699,1,-0.038191,True
F2,ETH-USD,DOT-USD,1h,1,1,cont,0,8078,-0.0041633,-41.386,1,1,-0.016448,False
F2,ETH-USD,DOT-USD,4h,2,2,rev,p80,274,-0.0032849,-1.5457,0.93833,1,-0.0045032,False
F2,ETH-USD,LINK-USD,1d,3,3,cont,0,326,0.0058515,1.324,0.093219,1,-0.038061,True
F2,ETH-USD,LINK-USD,1h,3,3,rev,p80,823,-0.0033656,-4.1633,0.99998,1,-0.013675,False
F2,ETH-USD,LINK-USD,4h,3,3,rev,p80,202,-0.0033007,-1.0963,0.86287,1,-0.011419,False
F2,ETH-USD,LTC-USD,1d,1,1,rev,p80,132,0.0023165,0.42283,0.33656,1,-0.04075,False
F2,ETH-USD,LTC-USD,1h,3,3,rev,p80,823,-0.0030973,-4.0908,0.99998,1,-0.020665,False
F2,ETH-USD,LTC-USD,4h,3,3,rev,p70,296,-0.0012059,-0.57544,0.71937,1,0.0019352,False
F2,ETH-USD,SHIB-USD,1d,3,3,cont,p70,103,0.031839,1.8611,0.032805,1,0.003952,True
F2,ETH-USD,SHIB-USD,1h,1,1,cont,0,8078,-0.0041322,-42.785,1,1,-0.016991,False
F2,ETH-USD,SHIB-USD,4h,3,3,rev,p80,202,-0.0030707,-1.2553,0.89458,1,-0.0074122,False
F2,ETH-USD,SOL-USD,1d,3,3,cont,0,286,0.0078795,1.4032,0.080829,1,-0.011131,True
F2,ETH-USD,SOL-USD,1h,3,3,rev,p80,823,-0.0033877,-4.555,1,1,-0.02038,False
F2,ETH-USD,SOL-USD,4h,3,3,rev,p80,202,-0.0051161,-2.066,0.97995,1,0.021689,False
F2,ETH-USD,UNI-USD,1d,3,3,cont,0,326,0.0067377,1.3282,0.092526,1,-0.052303,True
F2,ETH-USD,UNI-USD,1h,1,1,cont,0,8078,-0.0040868,-34.02,1,1,-0.016255,False
F2,ETH-USD,UNI-USD,4h,2,2,rev,p80,274,-0.00071222,-0.27414,0.60796,1,0.0027891,False
F2,ETH-USD,XLM-USD,1d,1,1,rev,p80,132,0.0068733,1.3542,0.088993,1,-0.019,False
F2,ETH-USD,XLM-USD,1h,3,3,cont,p80,859,-0.0030667,-4.1922,0.99999,1,-0.0070056,False
F2,ETH-USD,XLM-USD,4h,3,3,rev,p80,202,-0.0020872,-0.74478,0.77136,1,3.8603e-06,False
F2,ETH-USD,XRP-USD,1d,3,3,cont,0,120,0.0098865,1.3074,0.096805,1,0.084886,True
F2,ETH-USD,XRP-USD,1h,3,3,rev,p80,823,-0.0027267,-3.3538,0.99958,1,-0.026975,False
F2,ETH-USD,XRP-USD,4h,3,3,rev,p80,202,-0.0018901,-0.6234,0.73314,1,0.001742,False
F2,LINK-USD,ADA-USD,1d,3,1,rev,p80,122,0.010793,1.666,0.04915,1,-0.089903,True
F2,LINK-USD,ADA-USD,1h,3,3,rev,p80,825,-0.0029488,-2.645,0.99584,1,-0.01679,False
F2,LINK-USD,ADA-USD,4h,3,3,rev,p80,205,-0.0026511,-0.90144,0.82364,1,0.027863,False
F2,LINK-USD,ATOM-USD,1d,3,1,rev,p80,124,0.016565,2.0429,0.021601,1,-0.056527,True
F2,LINK-USD,ATOM-USD,1h,1,1,cont,0,7873,-0.0040914,-43.356,1,1,-0.0065271,False
F2,LINK-USD,ATOM-USD,4h,3,3,cont,p80,216,-0.0027949,-1.439,0.9242,1,0.026188,False
F2,LINK-USD,AVAX-USD,1d,3,1,rev,p80,107,0.0046902,0.66501,0.25374,1,-0.028349,True
F2,LINK-USD,AVAX-USD,1h,3,3,rev,p80,825,-0.0035666,-4.6027,1,1,-0.00565,False
F2,LINK-USD,AVAX-USD,4h,3,3,rev,p80,205,-0.0040319,-1.4668,0.92803,1,0.0022726,False
F2,LINK-USD,BCH-USD,1d,2,2,rev,p80,92,0.0060101,0.65634,0.25663,1,-0.044463,False
F2,LINK-USD,BCH-USD,1h,1,1,cont,0,7873,-0.0040119,-42.254,1,1,-0.000641,False
F2,LINK-USD,BCH-USD,4h,3,3,cont,p80,216,-0.0013878,-0.68351,0.759,1,0.018341,False
F2,LINK-USD,BTC-USD,1d,3,1,rev,p80,124,0.0030192,0.71002,0.23952,1,-0.078629,True
F2,LINK-USD,BTC-USD,1h,1,1,cont,0,7873,-0.0040304,-72.183,1,1,-0.0074855,False
F2,LINK-USD,BTC-USD,4h,3,3,cont,p80,216,-0.0026722,-2.2861,0.98863,1,0.010523,False
F2,LINK-USD,DOGE-USD,1d,1,1,rev,p80,124,0.0063758,1.0977,0.13723,1,-0.05155,True
F2,LINK-USD,DOGE-USD,1h,3,3,rev,p80,825,-0.0035447,-4.384,0.99999,1,-0.010264,False
F2,LINK-USD,DOGE-USD,4h,3,3,cont,p80,216,-0.00020665,-0.072888,0.52909,1,0.014306,False
F2,LINK-USD,DOT-USD,1d,2,2,rev,p80,83,0.0139,1.5428,0.06337,1,-0.02743,True
F2,LINK-USD,DOT-USD,1h,3,3,rev,p80,825,-0.0037236,-4.6169,1,1,-0.00059203,False
F2,LINK-USD,DOT-USD,4h,3,3,cont,p80,216,-0.003095,-1.3017,0.90279,1,0.021522,False
F2,LINK-USD,ETH-USD,1d,1,1,rev,p70,211,0.0031295,0.82832,0.20422,1,-0.065289,True
F2,LINK-USD,ETH-USD,1h,1,1,cont,0,7873,-0.0039494,-48.778,1,1,0.0086501,False
F2,LINK-USD,ETH-USD,4h,3,3,cont,p80,216,-0.002065,-1.157,0.87572,1,0.033889,False
F2,LINK-USD,LTC-USD,1d,3,1,rev,p80,124,0.004675,0.80438,0.21136,1,-0.055667,False
F2,LINK-USD,LTC-USD,1h,3,3,rev,p80,825,-0.0032463,-4.4231,0.99999,1,-0.011487,False
F2,LINK-USD,LTC-USD,4h,3,3,rev,p80,205,-0.0017422,-0.66563,0.7497,1,0.020256,False
F2,LINK-USD,SHIB-USD,1d,2,2,cont,p80,100,0.024707,1.8724,0.032054,1,-0.032861,True
F2,LINK-USD,SHIB-USD,1h,3,3,rev,p80,825,-0.0034672,-4.811,1,1,-0.013834,False
F2,LINK-USD,SHIB-USD,4h,3,3,rev,p80,205,-0.0028938,-1.1893,0.88317,1,0.0023832,False
F2,LINK-USD,SOL-USD,1d,2,2,rev,p80,83,0.01505,1.5157,0.066714,1,-0.0038569,True
F2,LINK-USD,SOL-USD,1h,1,1,cont,0,7873,-0.0040708,-42.901,1,1,-0.018384,False
F2,LINK-USD,SOL-USD,4h,3,3,cont,p80,216,-0.0013365,-0.6121,0.73978,1,0.028357,False
F2,LINK-USD,UNI-USD,1d,3,1,rev,p80,124,0.010793,1.4189,0.079232,1,-0.028044,True
F2,LINK-USD,UNI-USD,1h,1,1,cont,0,7873,-0.0040054,-33.476,1,1,-0.0069721,False
F2,LINK-USD,UNI-USD,4h,3,3,cont,p80,216,-0.0002951,-0.095853,0.53814,1,0.019381,False
F2,LINK-USD,XLM-USD,1d,2,1,rev,p80,130,0.0085589,1.6312,0.052647,1,-0.033077,True
F2,LINK-USD,XLM-USD,1h,3,3,cont,p80,888,-0.0029869,-3.5315,0.99978,1,-0.0040619,False
F2,LINK-USD,XLM-USD,4h,3,3,cont,p80,216,-0.00030304,-0.095936,0.53817,1,0.012512,False
F2,LINK-USD,XRP-USD,1d,1,1,cont,p80,68,0.011464,1.4017,0.082807,1,0.075526,True
F2,LINK-USD,XRP-USD,1h,3,3,rev,p80,825,-0.0025056,-2.8755,0.99793,1,-0.02489,False
F2,LINK-USD,XRP-USD,4h,3,3,cont,p80,216,1.7982e-05,0.0066976,0.49733,1,0.0099428,False
F2,LTC-USD,ADA-USD,1d,1,1,rev,p80,144,0.0063891,1.2791,0.10146,1,-0.086637,True
F2,LTC-USD,ADA-USD,1h,3,3,rev,p80,858,-0.0022674,-2.1858,0.98545,1,-0.020059,False
F2,LTC-USD,ADA-USD,4h,3,3,rev,p80,221,-0.0043449,-1.5048,0.94019,1,-0.0001616,False
F2,LTC-USD,ATOM-USD,1d,1,1,rev,p80,144,0.012334,1.7661,0.039754,1,-0.072123,True
F2,LTC-USD,ATOM-USD,1h,3,3,rev,p80,858,-0.0034023,-4.6932,1,1,0.0015645,False
F2,LTC-USD,ATOM-USD,4h,3,3,cont,p80,208,-0.0034524,-1.4377,0.92399,1,0.026996,False
F2,LTC-USD,AVAX-USD,1d,2,2,cont,p70,130,0.0039607,0.64704,0.25938,1,-0.03944,False
F2,LTC-USD,AVAX-USD,1h,3,3,rev,p80,858,-0.0030726,-4.2613,0.99999,1,-0.0081864,False
F2,LTC-USD,AVAX-USD,4h,3,3,cont,p80,208,-0.0048607,-1.8896,0.96989,1,-0.015611,False
F2,LTC-USD,BCH-USD,1d,2,2,cont,p80,116,0.016186,1.5613,0.060598,1,-0.034864,True
F2,LTC-USD,BCH-USD,1h,1,1,cont,0,7945,-0.0039709,-41.59,1,1,0.0058924,False
F2,LTC-USD,BCH-USD,4h,3,3,rev,p80,221,-0.0031438,-1.1407,0.87985,1,-0.015971,False
F2,LTC-USD,BTC-USD,1d,2,2,rev,p70,142,0.0032708,0.71382,0.23826,1,-0.076959,True
F2,LTC-USD,BTC-USD,1h,1,1,cont,0,7945,-0.0040196,-73.128,1,1,-0.0091164,False
F2,LTC-USD,BTC-USD,4h,3,3,rev,p80,221,-0.0025359,-1.8018,0.96474,1,-0.0024342,False
F2,LTC-USD,DOGE-USD,1d,1,1,rev,p70,197,0.0062166,1.3805,0.084497,1,-0.069656,True
F2,LTC-USD,DOGE-USD,1h,3,3,rev,p80,858,-0.0029383,-3.7645,0.99994,1,-0.0038958,False
F2,LTC-USD,DOGE-USD,4h,3,3,cont,p80,208,-0.0024298,-0.77713,0.78102,1,0.0009991,False
F2,LTC-USD,DOT-USD,1d,1,1,rev,p70,195,0.0013538,0.33509,0.36896,1,-0.047547,True
F2,LTC-USD,DOT-USD,1h,3,3,rev,p80,858,-0.0031189,-4.1799,0.99998,1,0.0056319,False
F2,LTC-USD,DOT-USD,4h,3,3,cont,p80,208,-0.002919,-0.98869,0.842,1,0.011878,False
F2,LTC-USD,ETH-USD,1d,1,1,rev,p70,219,0.0028055,0.7804,0.218,1,-0.055449,True
F2,LTC-USD,ETH-USD,1h,1,1,cont,0,7945,-0.0040107,-49.642,1,1,0.0062515,False
F2,LTC-USD,ETH-USD,4h,3,3,cont,p80,208,-0.0034403,-1.6457,0.94933,1,0.021175,False
F2,LTC-USD,LINK-USD,1d,2,2,cont,p70,160,0.0039557,0.58753,0.27884,1,-0.030767,False
F2,LTC-USD,LINK-USD,1h,3,3,rev,p80,858,-0.0027277,-3.541,0.99979,1,-0.00819,False
F2,LTC-USD,LINK-USD,4h,3,3,cont,p80,208,-0.0023085,-0.84863,0.80147,1,0.0010618,False
F2,LTC-USD,SHIB-USD,1d,3,3,cont,p80,61,0.039291,1.7015,0.047013,1,-0.013178,True
F2,LTC-USD,SHIB-USD,1h,1,1,cont,0,7945,-0.0041268,-41.174,1,1,-0.00045308,False
F2,LTC-USD,SHIB-USD,4h,3,3,rev,p80,221,-0.0040421,-1.6631,0.95437,1,-0.025597,False
F2,LTC-USD,SOL-USD,1d,1,1,rev,p80,134,0.0077771,1.2148,0.11329,1,-0.030287,True
F2,LTC-USD,SOL-USD,1h,3,3,rev,p80,858,-0.0027739,-4.041,0.99997,1,-0.017438,False
F2,LTC-USD,SOL-USD,4h,3,3,cont,p80,208,-0.0028901,-1.247,0.89624,1,0.0013816,False
F2,LTC-USD,UNI-USD,1d,2,2,rev,p70,142,0.011464,1.3625,0.087599,1,-0.060358,True
F2,LTC-USD,UNI-USD,1h,3,3,rev,p80,858,-0.0032993,-4.0612,0.99997,1,-0.0058383,False
F2,LTC-USD,UNI-USD,4h,3,3,cont,p80,208,-0.0029086,-0.91075,0.81826,1,0.0071584,False
F2,LTC-USD,XLM-USD,1d,2,1,cont,p80,157,0.008506,1.3319,0.092413,1,-0.046555,True
F2,LTC-USD,XLM-USD,1h,3,3,rev,p80,858,-0.002538,-3.1637,0.99956,1,-0.021347,False
F2,LTC-USD,XLM-USD,4h,3,3,cont,p80,208,-0.0014211,-0.4581,0.68074,1,-0.013678,False
F2,LTC-USD,XRP-USD,1d,3,3,cont,0,122,0.01061,1.3509,0.08963,1,0.059504,True
F2,LTC-USD,XRP-USD,1h,3,3,rev,p80,858,-0.0017175,-2.1459,0.98392,1,-0.03241,False
F2,LTC-USD,XRP-USD,4h,3,3,cont,p80,208,-0.00065406,-0.2221,0.59619,1,-0.025828,False
F2,SHIB-USD,ADA-USD,1d,2,2,cont,p70,116,0.003334,0.52542,0.30015,1,-0.067761,False
F2,SHIB-USD,ADA-USD,1h,3,3,rev,p80,851,-0.0027678,-2.6311,0.99567,1,-0.020147,False
F2,SHIB-USD,ADA-USD,4h,3,3,cont,p80,201,-0.0031082,-1.1765,0.88001,1,0.015768,False
F2,SHIB-USD,ATOM-USD,1d,3,1,cont,p80,124,0.0052427,1.005,0.15843,1,-0.0057054,True
F2,SHIB-USD,ATOM-USD,1h,1,1,cont,0,7331,-0.0040772,-40.945,1,1,-0.004703,False
F2,SHIB-USD,ATOM-USD,4h,3,3,cont,p80,201,-0.0022943,-1.0818,0.85967,1,0.0097454,False
F2,SHIB-USD,AVAX-USD,1d,3,1,cont,p80,123,0.0041785,0.85211,0.19791,1,-0.036999,False
F2,SHIB-USD,AVAX-USD,1h,3,3,rev,p80,851,-0.0034699,-4.6017,1,1,-0.0045176,False
F2,SHIB-USD,AVAX-USD,4h,2,2,rev,p80,292,-0.0023752,-1.2285,0.88987,1,-0.018048,False
F2,SHIB-USD,BCH-USD,1d,2,2,cont,p70,116,0.016423,1.7816,0.038724,1,0.011113,False
F2,SHIB-USD,BCH-USD,1h,3,3,rev,p80,851,-0.0031711,-4.6084,1,1,0.00078089,False
F2,SHIB-USD,BCH-USD,4h,2,2,rev,p80,292,-0.0027698,-1.6926,0.9542,1,-0.018077,False
F2,SHIB-USD,BTC-USD,1d,2,2,cont,p70,116,0.0049013,1.3333,0.092529,1,-0.013331,False
F2,SHIB-USD,BTC-USD,1h,1,1,cont,0,7331,-0.0039708,-68.386,1,1,-0.0066485,False
F2,SHIB-USD,BTC-USD,4h,3,3,rev,p80,220,-0.0035525,-2.7206,0.99648,1,0.0069099,False
F2,SHIB-USD,DOGE-USD,1d,2,2,cont,p70,116,0.022521,2.452,0.0078554,1,0.01665,True
F2,SHIB-USD,DOGE-USD,1h,3,3,rev,p80,851,-0.0028091,-3.47,0.9998,1,-0.0047239,False
F2,SHIB-USD,DOGE-USD,4h,3,3,cont,p80,201,-0.002226,-0.81868,0.79303,1,0.0049105,False
F2,SHIB-USD,DOT-USD,1d,2,2,cont,p70,116,0.005037,0.75553,0.22574,1,-0.042511,False
F2,SHIB-USD,DOT-USD,1h,1,1,cont,0,7331,-0.0040711,-38.27,1,1,-0.0054417,False
F2,SHIB-USD,DOT-USD,4h,3,3,cont,p80,201,-0.0017598,-0.66962,0.75231,1,0.00020925,False
F2,SHIB-USD,ETH-USD,1d,2,2,cont,p70,116,0.0040224,0.93536,0.17578,1,-0.013729,False
F2,SHIB-USD,ETH-USD,1h,1,1,cont,0,7331,-0.0038868,-45.97,1,1,0.0031269,False
F2,SHIB-USD,ETH-USD,4h,3,3,cont,p80,201,-0.0028187,-1.5558,0.93934,1,0.022137,False
F2,SHIB-USD,LINK-USD,1d,2,2,cont,p70,116,0.0073909,1.105,0.13573,1,-0.029444,False
F2,SHIB-USD,LINK-USD,1h,3,3,rev,p80,851,-0.0028565,-3.6303,0.99985,1,-0.014592,False
F2,SHIB-USD,LINK-USD,4h,3,3,cont,p80,201,-0.0028149,-1.2669,0.89667,1,-0.018842,False
F2,SHIB-USD,LTC-USD,1d,3,1,cont,p80,124,0.0024617,0.68405,0.24762,1,-0.0079851,True
F2,SHIB-USD,LTC-USD,1h,3,3,rev,p80,851,-0.0030576,-4.1924,0.99999,1,-0.012742,False
F2,SHIB-USD,LTC-USD,4h,2,2,rev,p80,292,-0.00088403,-0.44338,0.67109,1,-0.015702,False
F2,SHIB-USD,SOL-USD,1d,3,3,cont,p80,60,0.011029,0.92814,0.17856,1,-0.035665,False
F2,SHIB-USD,SOL-USD,1h,3,3,rev,p80,851,-0.00297,-4.3397,0.99999,1,-0.021593,False
F2,SHIB-USD,SOL-USD,4h,3,3,rev,p80,220,-0.004396,-1.9085,0.97118,1,0.014408,False
F2,SHIB-USD,UNI-USD,1d,2,2,cont,p70,116,0.0051145,0.81484,0.20842,1,-0.011709,False
F2,SHIB-USD,UNI-USD,1h,3,3,cont,p80,848,-0.003332,-4.0225,0.99997,1,-0.011353,False
F2,SHIB-USD,UNI-USD,4h,2,2,rev,p80,292,-0.0014513,-0.63015,0.73545,1,0.0010792,False
F2,SHIB-USD,XLM-USD,1d,3,1,cont,p80,124,0.0018099,0.5027,0.30804,1,-0.01496,False
F2,SHIB-USD,XLM-USD,1h,3,3,rev,p80,851,-0.0028749,-3.6026,0.99983,1,-0.0059255,False
F2,SHIB-USD,XLM-USD,4h,2,2,rev,p80,292,-0.00026079,-0.12175,0.54868,1,-0.021292,False
F2,SHIB-USD,XRP-USD,1d,2,2,cont,p80,35,0.010377,1.1243,0.13438,1,0.020368,False
F2,SHIB-USD,XRP-USD,1h,3,3,rev,p80,851,-0.0024649,-2.9779,0.99863,1,-0.033296,False
F2,SHIB-USD,XRP-USD,4h,3,3,cont,p70,290,0.00043283,0.19067,0.42503,1,-0.021079,False
F2,SOL-USD,ADA-USD,1d,3,3,cont,0,260,0.0039197,0.81629,0.20754,1,-0.032168,False
F2,SOL-USD,ADA-USD,1h,3,3,rev,p80,859,-0.0030064,-2.9688,0.99858,1,-0.017182,False
F2,SOL-USD,ADA-USD,4h,3,3,rev,p70,307,-0.0026859,-1.1803,0.88089,1,0.02591,False
F2,SOL-USD,ATOM-USD,1d,2,2,cont,p80,101,0.01134,1.3613,0.088244,1,0.0033203,False
F2,SOL-USD,ATOM-USD,1h,1,1,cont,0,8078,-0.0041305,-44.645,1,1,-0.013028,False
F2,SOL-USD,ATOM-USD,4h,3,3,cont,p80,207,-0.0041055,-2.0725,0.98027,1,0.016359,False
F2,SOL-USD,AVAX-USD,1d,2,2,cont,p70,130,0.01142,1.7336,0.042691,1,0.0038978,False
F2,SOL-USD,AVAX-USD,1h,3,3,rev,p80,859,-0.003586,-4.8367,1,1,-0.0090156,False
F2,SOL-USD,AVAX-USD,4h,3,3,cont,p70,297,-0.0029842,-1.5767,0.94203,1,0.0098089,False
F2,SOL-USD,BCH-USD,1d,3,3,cont,0,260,0.0028411,0.53327,0.29715,1,-0.029392,False
F2,SOL-USD,BCH-USD,1h,1,1,cont,0,8078,-0.0040078,-43.663,1,1,0.0021753,False
F2,SOL-USD,BCH-USD,4h,3,3,cont,p80,207,-0.002365,-1.1556,0.89127,1,0.019623,False
F2,SOL-USD,BTC-USD,1d,3,3,cont,0,260,0.0022838,0.75004,0.22695,1,-0.047457,False
F2,SOL-USD,BTC-USD,1h,1,1,cont,0,8078,-0.004001,-73.592,1,1,-0.0013806,False
F2,SOL-USD,BTC-USD,4h,3,3,rev,p80,214,-0.003642,-2.5083,0.99357,1,0.027845,False
F2,SOL-USD,DOGE-USD,1d,2,2,cont,p70,147,0.011263,1.8402,0.033888,1,-0.054226,True
F2,SOL-USD,DOGE-USD,1h,3,3,rev,p80,859,-0.0032413,-4.2673,0.99999,1,-0.0067119,False
F2,SOL-USD,DOGE-USD,4h,3,3,cont,p70,297,-0.0018146,-0.8083,0.79508,1,0.02591,False
F2,SOL-USD,DOT-USD,1d,2,2,cont,p70,147,0.002032,0.32804,0.37167,1,0.0037997,False
F2,SOL-USD,DOT-USD,1h,3,3,rev,p80,859,-0.0036133,-4.8927,1,1,-0.011939,False
F2,SOL-USD,DOT-USD,4h,3,3,rev,p70,307,-0.004013,-1.9602,0.97456,1,0.0027483,False
F2,SOL-USD,ETH-USD,1d,3,3,cont,0,260,0.0021129,0.59127,0.27743,1,-0.0391,False
F2,SOL-USD,ETH-USD,1h,1,1,cont,0,8078,-0.0039376,-49.509,1,1,0.0109,False
F2,SOL-USD,ETH-USD,4h,3,3,cont,p70,297,-0.0024481,-1.491,0.93149,1,0.054818,False
F2,SOL-USD,LINK-USD,1d,3,3,cont,0,260,0.0019244,0.40178,0.34409,1,-0.013391,False
F2,SOL-USD,LINK-USD,1h,3,3,rev,p80,859,-0.0030262,-3.9119,0.99995,1,-0.010678,False
F2,SOL-USD,LINK-USD,4h,3,3,cont,p70,297,-0.0011089,-0.56415,0.71346,1,0.021421,False
F2,SOL-USD,LTC-USD,1d,3,3,cont,0,260,0.00061773,0.14118,0.44392,1,-0.032312,False
F2,SOL-USD,LTC-USD,1h,3,3,rev,p80,859,-0.0032181,-4.4288,0.99999,1,-0.013811,False
F2,SOL-USD,LTC-USD,4h,3,3,rev,p70,307,-0.0014802,-0.75233,0.77378,1,0.029027,False
F2,SOL-USD,SHIB-USD,1d,3,3,cont,0,241,0.016869,1.3778,0.084771,1,0.038434,True
F2,SOL-USD,SHIB-USD,1h,1,1,cont,0,8078,-0.0041186,-42.139,1,1,-0.0165,False
F2,SOL-USD,SHIB-USD,4h,3,3,rev,p80,214,-0.0035381,-1.5045,0.93303,1,0.0047921,False
F2,SOL-USD,UNI-USD,1d,2,2,rev,p80,74,0.016023,1.259,0.10602,1,-0.036497,True
F2,SOL-USD,UNI-USD,1h,1,1,cont,0,8078,-0.0041194,-34.601,1,1,-0.010238,False
F2,SOL-USD,UNI-USD,4h,3,3,cont,p80,207,-0.0027189,-0.98611,0.83738,1,0.027451,False
F2,SOL-USD,XLM-USD,1d,2,2,rev,p80,74,0.0062927,0.74976,0.22791,1,-0.004928,True
F2,SOL-USD,XLM-USD,1h,3,3,rev,p80,859,-0.0031478,-4.1616,0.99999,1,-0.007026,False
F2,SOL-USD,XLM-USD,4h,3,3,rev,p70,307,-0.0010661,-0.47058,0.68086,1,0.0044026,False
F2,SOL-USD,XRP-USD,1d,3,3,cont,0,115,0.01146,1.507,0.067294,1,0.053108,False
F2,SOL-USD,XRP-USD,1h,3,3,rev,p80,859,-0.0028699,-3.7796,0.99992,1,-0.018244,False
F2,SOL-USD,XRP-USD,4h,3,3,cont,p70,297,-0.00019113,-0.092561,0.53701,1,0.02354,False
F2,UNI-USD,ADA-USD,1d,3,1,rev,p70,196,0.0019457,0.42789,0.3346,1,-0.043795,True
F2,UNI-USD,ADA-USD,1h,3,3,rev,p80,851,-0.0026816,-2.6182,0.99619,1,-0.010152,False
F2,UNI-USD,ADA-USD,4h,3,3,rev,p80,212,-0.0047428,-1.6168,0.95564,1,0.024749,False
F2,UNI-USD,ATOM-USD,1d,2,2,rev,p80,97,0.017067,1.5079,0.067431,1,-0.043429,True
F2,UNI-USD,ATOM-USD,1h,3,3,rev,p80,851,-0.0036826,-4.9149,1,1,0.0018693,False
F2,UNI-USD,ATOM-USD,4h,3,3,cont,p70,300,-0.0028137,-1.623,0.94718,1,0.013966,False
F2,UNI-USD,AVAX-USD,1d,3,3,rev,0,250,0.00085457,0.14872,0.44095,1,-0.027442,False
F2,UNI-USD,AVAX-USD,1h,3,3,rev,p80,851,-0.0032551,-4.5122,1,1,0.00084975,False
F2,UNI-USD,AVAX-USD,4h,2,2,rev,p80,273,-0.0044997,-2.1351,0.98318,1,-0.0094481,False
F2,UNI-USD,BCH-USD,1d,3,3,cont,0,311,0.0027326,0.49716,0.30971,1,-0.020251,False
F2,UNI-USD,BCH-USD,1h,3,3,rev,p80,851,-0.0032441,-4.878,1,1,0.0035209,False
F2,UNI-USD,BCH-USD,4h,3,3,cont,p70,300,-0.0011429,-0.68854,0.76371,1,0.0016388,False
F2,UNI-USD,BTC-USD,1d,3,3,rev,0,304,0.0018907,0.58436,0.27971,1,-0.049695,False
F2,UNI-USD,BTC-USD,1h,1,1,cont,0,7804,-0.0039753,-71.744,1,1,0.0032436,False
F2,UNI-USD,BTC-USD,4h,3,3,rev,p80,212,-0.0046138,-3.5131,0.99985,1,0.0076936,False
F2,UNI-USD,DOGE-USD,1d,1,1,rev,p80,133,0.0038737,0.70576,0.24079,1,-0.050826,False
F2,UNI-USD,DOGE-USD,1h,3,3,rev,p80,851,-0.002905,-3.7932,0.99997,1,0.00043545,False
F2,UNI-USD,DOGE-USD,4h,3,3,cont,p70,300,-0.0026102,-1.2478,0.90215,1,0.0072605,False
F2,UNI-USD,DOT-USD,1d,2,2,rev,p80,90,0.0050172,0.56928,0.2853,1,-0.022755,True
F2,UNI-USD,DOT-USD,1h,3,3,rev,p80,851,-0.0033868,-4.4869,1,1,0.0024493,False
F2,UNI-USD,DOT-USD,4h,3,3,cont,p80,212,-0.0042768,-1.4956,0.93241,1,0.010847,False
F2,UNI-USD,ETH-USD,1d,3,3,cont,p80,81,0.0077477,0.96579,0.16853,1,-0.04047,True
F2,UNI-USD,ETH-USD,1h,1,1,cont,0,7804,-0.0038905,-48.154,1,1,0.013303,False
F2,UNI-USD,ETH-USD,4h,3,3,cont,p80,212,-0.0030116,-1.4741,0.92902,1,0.034878,False
F2,UNI-USD,LINK-USD,1d,3,3,rev,p80,70,0.012585,0.72701,0.23484,1,-0.02544,True
F2,UNI-USD,LINK-USD,1h,3,3,rev,p80,851,-0.0028024,-3.6878,0.99989,1,-0.0031135,False
F2,UNI-USD,LINK-USD,4h,3,3,cont,p70,300,-0.002621,-1.3898,0.91719,1,0.0010012,False
F2,UNI-USD,LTC-USD,1d,3,3,rev,p80,70,0.0083815,0.61419,0.27055,1,-0.026128,True
F2,UNI-USD,LTC-USD,1h,3,3,rev,p80,851,-0.0028675,-4.1026,0.99998,1,-0.0049816,False
F2,UNI-USD,LTC-USD,4h,2,2,rev,p80,273,-0.0036751,-1.8047,0.96389,1,0.017619,False
F2,UNI-USD,SHIB-USD,1d,3,3,cont,0,255,0.012256,1.1077,0.13452,1,-0.036873,True
F2,UNI-USD,SHIB-USD,1h,3,3,rev,p80,851,-0.0030784,-4.604,1,1,-0.0047021,False
F2,UNI-USD,SHIB-USD,4h,3,3,rev,p80,212,-0.004678,-1.9805,0.97816,1,-0.0037357,False
F2,UNI-USD,SOL-USD,1d,3,3,cont,0,274,0.0061655,1.0635,0.14425,1,-0.014994,False
F2,UNI-USD,SOL-USD,1h,3,3,rev,p80,851,-0.0027261,-4.0149,0.99997,1,-0.0088035,False
F2,UNI-USD,SOL-USD,4h,3,3,rev,p80,212,-0.0059252,-2.3769,0.99191,1,0.016192,False
F2,UNI-USD,XLM-USD,1d,2,2,rev,p80,97,0.011814,1.1582,0.12483,1,0.015385,True
F2,UNI-USD,XLM-USD,1h,3,3,rev,p80,851,-0.0029378,-3.6839,0.99989,1,-8.2915e-05,False
F2,UNI-USD,XLM-USD,4h,3,3,cont,p70,300,-0.00052127,-0.18937,0.57503,1,0.0066426,False
F2,UNI-USD,XRP-USD,1d,3,3,cont,0,120,0.0068041,0.87645,0.19128,1,0.051182,True
F2,UNI-USD,XRP-USD,1h,3,3,rev,p80,851,-0.0023696,-2.9525,0.99842,1,-0.015799,False
F2,UNI-USD,XRP-USD,4h,3,3,cont,p70,300,-0.00061114,-0.30965,0.62262,1,0.0035087,False
F2,XLM-USD,ADA-USD,1d,2,2,rev,p80,94,0.010599,1.2378,0.10945,1,-0.092341,True
F2,XLM-USD,ADA-USD,1h,3,3,rev,p80,846,-0.0026737,-2.5047,0.99472,1,-0.017404,False
F2,XLM-USD,ADA-USD,4h,3,3,cont,p80,219,-0.00079162,-0.22599,0.58963,1,0.0112,False
F2,XLM-USD,ATOM-USD,1d,1,1,rev,p80,146,0.016886,2.3423,0.010263,1,-0.051373,True
F2,XLM-USD,ATOM-USD,1h,1,1,cont,0,7851,-0.0040584,-42.569,1,1,0.006657,False
F2,XLM-USD,ATOM-USD,4h,3,3,cont,p80,219,-0.0022632,-1.0485,0.8522,1,0.025531,False
F2,XLM-USD,AVAX-USD,1d,3,3,cont,p70,84,0.017304,1.822,0.036027,1,-0.027167,False
F2,XLM-USD,AVAX-USD,1h,3,3,rev,p80,846,-0.0032787,-4.2139,1,1,0.0020745,False
F2,XLM-USD,AVAX-USD,4h,3,1,rev,p80,377,-0.001614,-1.169,0.87843,1,-0.018288,False
F2,XLM-USD,BCH-USD,1d,3,3,cont,p80,72,0.025607,1.6535,0.051319,1,-0.039583,True
F2,XLM-USD,BCH-USD,1h,3,3,rev,p80,846,-0.0027857,-3.9987,0.99998,1,0.013484,False
F2,XLM-USD,BCH-USD,4h,2,2,rev,p80,271,-0.0019286,-0.97237,0.85239,1,-0.032174,False
F2,XLM-USD,BTC-USD,1d,2,2,rev,p80,99,0.0032199,0.61767,0.26911,1,-0.033213,True
F2,XLM-USD,BTC-USD,1h,1,1,cont,0,7851,-0.003986,-71.437,1,1,0.00093221,False
F2,XLM-USD,BTC-USD,4h,3,3,rev,p80,209,-0.0036917,-2.5198,0.99375,1,0.011074,False
F2,XLM-USD,DOGE-USD,1d,3,3,cont,p70,93,0.016438,1.5796,0.058817,1,-0.05203,False
F2,XLM-USD,DOGE-USD,1h,3,3,rev,p80,846,-0.0033258,-4.1866,0.99999,1,-0.00050612,False
F2,XLM-USD,DOGE-USD,4h,3,3,cont,p80,219,-0.0022049,-0.86543,0.8236,1,0.0047961,False
F2,XLM-USD,DOT-USD,1d,3,3,cont,p70,91,0.0095912,1.0867,0.14003,1,-0.018559,False
F2,XLM-USD,DOT-USD,1h,3,3,rev,p80,846,-0.0036961,-4.7439,1,1,0.0098487,False
F2,XLM-USD,DOT-USD,4h,3,3,cont,p80,219,-0.0022486,-0.89152,0.81318,1,0.0082925,False
F2,XLM-USD,ETH-USD,1d,3,3,cont,p80,72,0.0084726,1.1928,0.11846,1,-0.046022,True
F2,XLM-USD,ETH-USD,1h,1,1,cont,0,7851,-0.0039547,-49.367,1,1,0.010812,False
F2,XLM-USD,ETH-USD,4h,3,3,cont,p80,219,-0.002946,-1.6674,0.95156,1,0.015525,False
F2,XLM-USD,LINK-USD,1d,3,3,cont,p80,72,0.031715,2.8001,0.0032878,1,-0.02823,True
F2,XLM-USD,LINK-USD,1h,3,3,rev,p80,846,-0.0026211,-3.1889,0.99927,1,0.0036175,False
F2,XLM-USD,LINK-USD,4h,3,3,cont,p80,219,-0.0012061,-0.53772,0.70434,1,0.0080762,False
F2,XLM-USD,LTC-USD,1d,3,3,cont,p80,72,0.01857,1.7662,0.04083,1,-0.047949,True
F2,XLM-USD,LTC-USD,1h,3,3,rev,p80,846,-0.0030435,-4.0641,0.99999,1,0.0015038,False
F2,XLM-USD,LTC-USD,4h,3,3,cont,p80,219,-0.0014625,-0.70045,0.76036,1,-0.012106,False
F2,XLM-USD,SHIB-USD,1d,3,3,cont,p70,84,0.022734,1.5042,0.068161,1,-0.034131,True
F2,XLM-USD,SHIB-USD,1h,1,1,cont,0,7851,-0.0040235,-40.497,1,1,0.0023403,False
F2,XLM-USD,SHIB-USD,4h,3,3,rev,p80,209,-0.00099438,-0.39787,0.65555,1,-0.022794,False
F2,XLM-USD,SOL-USD,1d,3,3,cont,p70,91,0.021699,2.0401,0.022138,1,-0.0073764,True
F2,XLM-USD,SOL-USD,1h,3,3,rev,p80,846,-0.0028351,-4.0068,0.99998,1,-0.0039028,False
F2,XLM-USD,SOL-USD,4h,3,3,rev,p80,209,-0.0037592,-1.5157,0.93445,1,0.01204,False
F2,XLM-USD,UNI-USD,1d,2,2,rev,p80,99,0.013313,1.3307,0.093186,1,-0.033051,True
F2,XLM-USD,UNI-USD,1h,3,3,rev,p80,846,-0.0033284,-3.989,0.99996,1,0.0087202,False
F2,XLM-USD,UNI-USD,4h,3,3,cont,p80,219,0.00086054,0.27114,0.4004,1,0.012162,False
F2,XLM-USD,XRP-USD,1d,1,1,cont,p70,84,0.015573,1.9934,0.024748,1,0.12448,True
F2,XLM-USD,XRP-USD,1h,3,3,rev,p80,846,-0.0024558,-2.9724,0.99911,1,-0.025511,False
F2,XLM-USD,XRP-USD,4h,3,3,cont,p80,219,0.0025826,0.93009,0.17668,1,-0.0092399,False
F2,XRP-USD,ADA-USD,1d,3,3,cont,0,115,0.013339,1.5906,0.057231,1,0.04074,False
F2,XRP-USD,ADA-USD,1h,3,3,rev,p80,830,-0.0026889,-2.5107,0.99388,1,-0.017085,False
F2,XRP-USD,ADA-USD,4h,3,3,cont,p80,204,-0.0016264,-0.44404,0.67126,1,0.014052,False
F2,XRP-USD,ATOM-USD,1d,2,2,rev,p80,32,0.014195,1.3197,0.098296,1,-0.012815,True
F2,XRP-USD,ATOM-USD,1h,3,3,rev,p80,830,-0.0033422,-4.3851,0.99999,1,0.0012923,False
F2,XRP-USD,ATOM-USD,4h,2,2,rev,p80,269,-0.0034097,-1.5195,0.93821,1,0.030266,False
F2,XRP-USD,AVAX-USD,1d,3,3,cont,p70,40,0.023445,1.4165,0.082283,1,0.048912,False
F2,XRP-USD,AVAX-USD,1h,3,3,rev,p80,830,-0.0033264,-4.2888,0.99999,1,-0.00336,False
F2,XRP-USD,AVAX-USD,4h,3,3,rev,p80,203,-0.004672,-1.6928,0.95661,1,-0.0038518,False
F2,XRP-USD,BCH-USD,1d,3,3,cont,0,119,0.005084,0.56564,0.28636,1,0.0045839,False
F2,XRP-USD,BCH-USD,1h,3,3,rev,p80,830,-0.0029906,-4.412,0.99999,1,0.011653,False
F2,XRP-USD,BCH-USD,4h,3,3,cont,p80,204,-0.0026385,-1.2553,0.89805,1,-0.0098242,False
F2,XRP-USD,BTC-USD,1d,2,2,cont,0,163,0.0035289,1.1045,0.1355,1,0.04835,True
F2,XRP-USD,BTC-USD,1h,1,1,cont,0,7975,-0.0039663,-71.774,1,1,-0.0018904,False
F2,XRP-USD,BTC-USD,4h,3,3,rev,p80,203,-0.0036147,-2.4811,0.99304,1,0.021578,False
F2,XRP-USD,DOGE-USD,1d,3,3,cont,0,115,0.015502,1.5735,0.059188,1,0.0055828,False
F2,XRP-USD,DOGE-USD,1h,3,3,rev,p80,830,-0.0032396,-4.0441,0.99998,1,-0.0067554,False
F2,XRP-USD,DOGE-USD,4h,3,3,rev,p80,203,-0.0019442,-0.70124,0.76011,1,-0.00012928,False
F2,XRP-USD,DOT-USD,1d,2,1,cont,p80,56,0.0087513,0.98067,0.16552,1,0.049863,False
F2,XRP-USD,DOT-USD,1h,3,3,rev,p80,830,-0.0035815,-4.7004,1,1,0.00010315,False
F2,XRP-USD,DOT-USD,4h,3,3,rev,p80,203,-0.003724,-1.3372,0.91639,1,0.0063597,False
F2,XRP-USD,ETH-USD,1d,1,1,rev,p80,50,0.0088352,1.1127,0.13563,1,-0.018484,True
F2,XRP-USD,ETH-USD,1h,1,1,cont,0,7975,-0.0038953,-48.609,1,1,0.015184,False
F2,XRP-USD,ETH-USD,4h,3,3,cont,p80,204,-0.0042539,-2.0661,0.97996,1,0.032201,False
F2,XRP-USD,LINK-USD,1d,2,1,cont,p80,59,0.022506,2.1259,0.018892,1,0.042814,True
F2,XRP-USD,LINK-USD,1h,3,3,rev,p80,830,-0.0026128,-3.1734,0.99927,1,0.0003604,False
F2,XRP-USD,LINK-USD,4h,3,3,cont,p80,204,-0.0024062,-0.89958,0.81529,1,0.022802,False
F2,XRP-USD,LTC-USD,1d,2,1,cont,p80,59,0.0051217,0.7395,0.23129,1,0.05604,True
F2,XRP-USD,LTC-USD,1h,3,3,rev,p80,830,-0.0031065,-4.276,0.99999,1,-0.0029379,False
F2,XRP-USD,LTC-USD,4h,2,2,rev,p70,405,-0.001197,-0.76832,0.77863,1,0.011923,False
F2,XRP-USD,SHIB-USD,1d,3,3,cont,0,115,0.013642,1.1363,0.12911,1,-0.042532,False
F2,XRP-USD,SHIB-USD,1h,3,3,rev,p80,830,-0.0032912,-4.5221,1,1,-0.0055269,False
F2,XRP-USD,SHIB-USD,4h,3,3,rev,p80,203,-0.0013135,-0.51982,0.70036,1,-0.02002,False
F2,XRP-USD,SOL-USD,1d,2,2,rev,p70,51,0.01761,1.6691,0.050674,1,-0.029692,False
F2,XRP-USD,SOL-USD,1h,3,3,rev,p80,830,-0.0028009,-3.8363,0.99993,1,-0.0087209,False
F2,XRP-USD,SOL-USD,4h,3,3,cont,p80,204,-0.0035397,-1.618,0.9464,1,0.016011,False
F2,XRP-USD,UNI-USD,1d,2,2,rev,p80,32,0.027158,1.7316,0.046644,1,0.00045114,True
F2,XRP-USD,UNI-USD,1h,3,3,cont,p80,864,-0.0032176,-4.1986,0.99999,1,-0.0039296,False
F2,XRP-USD,UNI-USD,4h,3,3,cont,p80,204,-0.0011668,-0.34077,0.63319,1,0.015668,False
F2,XRP-USD,XLM-USD,1d,2,1,cont,p70,86,0.015815,1.4086,0.081306,1,0.066075,True
F2,XRP-USD,XLM-USD,1h,3,3,rev,p80,830,-0.0021125,-2.4594,0.99616,1,0.0076158,False
F2,XRP-USD,XLM-USD,4h,3,3,cont,p80,204,0.002145,0.50369,0.32503,1,-0.010013,False
F3,COIN,ADA-USD,1d,3,1,rev,p80,78,0.0073415,1.0554,0.14727,1,-0.043622,True
F3,COIN,ADA-USD,1h,3,3,rev,p80,34,-0.00113,-0.54962,0.70686,1,-0.076186,False
F3,COIN,ADA-USD,4h,2,1,rev,p70,16,0.0034874,0.82961,0.20988,1,-0.15941,False
F3,COIN,ATOM-USD,1d,3,1,rev,p80,78,0.0060707,0.72966,0.23391,1,-0.00070278,False
F3,COIN,ATOM-USD,1h,3,3,rev,p80,34,-0.0033568,-1.4139,0.91662,1,-0.027034,False
F3,COIN,ATOM-USD,4h,2,2,rev,p70,15,0.0060323,1.262,0.11378,1,-0.14983,False
F3,COIN,AVAX-USD,1d,2,2,cont,0,257,0.0031204,0.66065,0.25472,1,0.014873,False
F3,COIN,AVAX-USD,1h,1,1,rev,p80,61,-2.0876e-05,-0.018353,0.50729,1,-0.11815,False
F3,COIN,AVAX-USD,4h,2,1,rev,p80,9,0.0050444,0.68643,0.25592,1,-0.18056,False
F3,COIN,BCH-USD,1d,2,1,rev,p80,72,0.0013406,0.18974,0.42503,1,-0.013047,False
F3,COIN,BCH-USD,1h,3,3,rev,p80,34,-0.0027654,-0.96623,0.82993,1,-0.10076,False
F3,COIN,BCH-USD,4h,2,1,rev,p80,9,0.0059909,1.1675,0.13831,1,-0.18428,False
F3,COIN,BTC-USD,1d,3,3,cont,p80,68,-0.0001682,-0.025625,0.51018,1,-0.024107,False
F3,COIN,BTC-USD,1h,3,3,cont,p80,35,-0.00076873,-0.47302,0.68039,1,-0.030669,False
F3,COIN,BTC-USD,4h,2,1,rev,p80,9,0.0046068,1.1937,0.1334,1,-0.20663,False
F3,COIN,DOGE-USD,1d,2,2,cont,p80,85,0.012495,1.5942,0.057328,1,0.001741,True
F3,COIN,DOGE-USD,1h,3,3,cont,p80,35,-0.00083276,-0.29951,0.61681,1,-0.04345,False
F3,COIN,DOGE-USD,4h,2,1,rev,p80,9,0.0067537,1.4233,0.096233,1,-0.23867,False
F3,COIN,DOT-USD,1d,2,2,rev,p80,50,0.0049742,0.46697,0.3213,1,-0.011666,True
F3,COIN,DOT-USD,1h,3,3,cont,p80,35,0.0016615,0.63517,0.30783,1,-0.044794,False
F3,COIN,DOT-USD,4h,2,1,rev,p80,9,0.0050576,0.81025,0.22062,1,-0.047296,False
F3,COIN,ETH-USD,1d,3,3,cont,p80,68,0.005182,0.71918,0.23726,1,-0.0024829,False
F3,COIN,ETH-USD,1h,3,3,cont,p80,35,-0.0011411,-0.51532,0.69911,1,-0.036338,False
F3,COIN,ETH-USD,4h,2,1,rev,p80,9,0.0066049,1.3322,0.10975,1,-0.15125,False
F3,COIN,LINK-USD,1d,3,1,rev,p80,78,0.0061852,0.84822,0.19947,1,-0.0058129,True
F3,COIN,LINK-USD,1h,3,3,rev,p80,34,-0.001428,-0.63076,0.73373,1,-0.048447,False
F3,COIN,LINK-USD,4h,2,1,rev,p80,9,0.007945,1.4681,0.090126,1,-0.20203,False
F3,COIN,LTC-USD,1d,3,1,rev,p80,78,0.0065002,1.0098,0.15788,1,-0.023093,False
F3,COIN,LTC-USD,1h,3,3,rev,p80,34,-0.001155,-0.56022,0.71051,1,-0.03511,False
F3,COIN,LTC-USD,4h,1,1,rev,p80,20,0.0021689,0.95081,0.17682,1,-0.196,False
F3,COIN,SHIB-USD,1d,2,2,cont,0,259,0.0086611,1.2172,0.11233,1,-0.017881,True
F3,COIN,SHIB-USD,1h,3,3,rev,p80,34,-0.001185,-0.58328,0.71816,1,-0.014403,False
F3,COIN,SHIB-USD,4h,2,1,rev,p80,9,0.0058212,1.3575,0.10584,1,-0.25262,False
F3,COIN,SOL-USD,1d,3,3,cont,p70,85,0.01361,1.4144,0.080469,1,0.03817,False
F3,COIN,SOL-USD,1h,3,3,cont,p80,35,-1.8631e-05,-0.00759,0.50302,1,-0.076964,False
F3,COIN,SOL-USD,4h,2,1,rev,p80,9,0.004497,0.76514,0.23308,1,-0.1295,False
F3,COIN,UNI-USD,1d,3,1,rev,p80,78,0.006539,0.83173,0.20407,1,0.0092996,True
F3,COIN,UNI-USD,1h,1,1,rev,p80,61,6.5342e-05,0.049147,0.48048,1,-0.055106,False
F3,COIN,UNI-USD,4h,2,1,rev,p80,9,0.0093223,1.1766,0.13659,1,-0.13619,False
F3,COIN,XLM-USD,1d,3,3,cont,p80,68,0.010867,1.0993,0.13779,1,0.0096297,False
F3,COIN,XLM-USD,1h,3,3,cont,p80,35,0.0010666,0.34933,0.3645,1,-0.028472,False
F3,COIN,XLM-USD,4h,2,1,rev,p80,9,0.0064649,0.82527,0.21657,1,-0.07462,False
F3,COIN,XRP-USD,1d,3,3,cont,p80,27,0.02612,1.783,0.043137,1,0.022374,False
F3,COIN,XRP-USD,1h,3,3,cont,p80,35,-0.00013469,-0.058961,0.52388,1,-0.030594,False
F3,COIN,XRP-USD,4h,2,1,rev,p80,9,0.0016903,0.45963,0.32901,1,-0.1902,False
F3,MSTR,ADA-USD,1d,3,3,cont,p70,93,0.011076,1.4222,0.079179,1,-0.078191,True
F3,MSTR,ADA-USD,1h,3,3,rev,p80,32,-0.0024444,-1.1059,0.86137,1,-0.056436,False
F3,MSTR,ADA-USD,4h,1,1,rev,p70,29,0.00030248,0.12021,0.45259,1,-0.20394,False
F3,MSTR,ATOM-USD,1d,3,3,cont,p70,98,0.010765,1.169,0.12262,1,-0.039979,False
F3,MSTR,ATOM-USD,1h,3,3,rev,p70,50,-0.0028068,-1.3524,0.90877,1,3.3739e-05,False
F3,MSTR,ATOM-USD,4h,2,2,rev,p70,16,0.0034956,0.86011,0.20163,1,-0.12541,False
F3,MSTR,AVAX-USD,1d,3,3,cont,p70,80,0.012115,1.2499,0.10752,1,-0.016665,True
F3,MSTR,AVAX-USD,1h,3,3,rev,p80,32,-0.0028946,-1.031,0.84888,1,-0.070875,False
F3,MSTR,AVAX-USD,4h,1,1,rev,p70,29,0.0028218,0.89531,0.18913,1,-0.24391,False
F3,MSTR,BCH-USD,1d,3,3,cont,p70,98,0.022562,1.8077,0.036875,1,-0.033383,True
F3,MSTR,BCH-USD,1h,3,3,rev,p80,32,-0.0028185,-0.80784,0.81074,1,-0.068846,False
F3,MSTR,BCH-USD,4h,2,1,rev,p80,12,0.0037079,0.97065,0.17629,1,-0.17975,False
F3,MSTR,BTC-USD,1d,3,3,cont,p70,98,0.0062653,1.265,0.10446,1,-0.027506,True
F3,MSTR,BTC-USD,1h,3,3,cont,p80,26,-0.0030865,-1.325,0.90592,1,-0.00090326,False
F3,MSTR,BTC-USD,4h,3,1,rev,p80,13,0.00030072,0.1253,0.45118,1,-0.2242,False
F3,MSTR,DOGE-USD,1d,3,3,cont,p70,89,0.016103,1.7792,0.039332,1,-0.0045096,True
F3,MSTR,DOGE-USD,1h,3,3,rev,p80,32,-0.0025562,-0.99772,0.83693,1,-0.029396,False
F3,MSTR,DOGE-USD,4h,1,1,rev,p80,19,0.001834,0.73579,0.23567,1,-0.26032,False
F3,MSTR,DOT-USD,1d,2,2,rev,p70,85,0.0053136,0.60819,0.27235,1,-0.043426,True
F3,MSTR,DOT-USD,1h,3,3,cont,p70,37,-0.0009043,-0.24885,0.59755,1,-0.0398,False
F3,MSTR,DOT-USD,4h,1,1,rev,p80,19,0.0018019,0.5318,0.30068,1,-0.13362,False
F3,MSTR,ETH-USD,1d,3,3,cont,p70,98,0.0081118,1.2788,0.10201,1,-0.027531,True
F3,MSTR,ETH-USD,1h,3,3,cont,p80,26,-0.0033693,-1.0063,0.8491,1,-0.0058902,False
F3,MSTR,ETH-USD,4h,1,1,rev,p80,19,0.0016505,0.66359,0.25768,1,-0.20268,False
F3,MSTR,LINK-USD,1d,3,3,cont,p70,98,0.010878,1.4419,0.07628,1,-0.032424,True
F3,MSTR,LINK-USD,1h,3,3,rev,p80,32,-0.0027075,-1.0833,0.86492,1,-0.01544,False
F3,MSTR,LINK-USD,4h,2,1,rev,p80,12,0.003334,0.7803,0.22584,1,-0.25741,False
F3,MSTR,LTC-USD,1d,3,3,cont,p70,98,0.0102,1.4518,0.074897,1,-0.02672,True
F3,MSTR,LTC-USD,1h,3,3,rev,p80,32,-0.0018343,-0.77929,0.77914,1,-0.0085147,False
F3,MSTR,LTC-USD,4h,1,1,rev,p80,19,0.0017292,0.75508,0.22998,1,-0.22337,False
F3,MSTR,SHIB-USD,1d,3,3,cont,p70,82,0.022926,1.5619,0.061109,1,-0.0077436,True
F3,MSTR,SHIB-USD,1h,3,3,rev,p80,32,-0.0026976,-1.1947,0.87938,1,0.0022033,False
F3,MSTR,SHIB-USD,4h,3,3,rev,p80,13,0.0019818,0.25847,0.40021,1,-0.26762,False
F3,MSTR,SOL-USD,1d,3,3,cont,p70,88,0.01715,2.0732,0.020557,1,0.02923,False
F3,MSTR,SOL-USD,1h,3,3,rev,p80,32,-0.0025275,-0.96366,0.82929,1,-0.057136,False
F3,MSTR,SOL-USD,4h,2,1,rev,p70,16,0.00045685,0.1331,0.44794,1,-0.16752,False
F3,MSTR,UNI-USD,1d,3,3,cont,0,249,0.0064512,1.034,0.15106,1,-0.010452,True
F3,MSTR,UNI-USD,1h,3,3,rev,p80,32,0.00054753,0.13801,0.44556,1,-0.029084,True
F3,MSTR,UNI-USD,4h,1,1,rev,p80,19,0.0057706,1.3075,0.10374,1,-0.22485,False
F3,MSTR,XLM-USD,1d,2,2,rev,p70,93,0.01726,1.5315,0.064537,1,-0.029884,True
F3,MSTR,XLM-USD,1h,3,3,rev,p70,50,-0.00019996,-0.076272,0.53024,1,0.018523,False
F3,MSTR,XLM-USD,4h,2,1,rev,p80,12,0.00036619,0.071378,0.47219,1,-0.042495,False
F3,MSTR,XRP-USD,1d,1,1,rev,p80,20,0.017859,1.4726,0.078619,1,0.027203,False
F3,MSTR,XRP-USD,1h,3,3,cont,p80,26,-0.0023219,-0.73091,0.76617,1,-0.0040285,False
F3,MSTR,XRP-USD,4h,3,1,rev,p80,13,-0.0020033,-0.80867,0.78278,1,-0.19958,False
F3,NVDA,ADA-USD,1d,2,2,rev,0,274,0.0049974,1.199,0.11578,1,-0.065085,True
F3,NVDA,ADA-USD,1h,3,3,cont,p80,38,-0.0014618,-0.74351,0.76906,1,-0.024136,False
F3,NVDA,ADA-USD,4h,2,1,rev,p70,17,0.0011402,0.33917,0.36945,1,-0.089769,False
F3,NVDA,ATOM-USD,1d,3,1,rev,p80,79,0.0087803,1.4423,0.076609,1,-0.04063,True
F3,NVDA,ATOM-USD,1h,3,3,rev,p70,44,-0.0029333,-1.2114,0.88381,1,-0.0045295,False
F3,NVDA,ATOM-USD,4h,2,2,rev,p70,17,0.0032415,0.85968,0.20133,1,-0.10472,False
F3,NVDA,AVAX-USD,1d,3,1,rev,p80,64,0.005653,0.79974,0.21343,1,-0.038775,True
F3,NVDA,AVAX-USD,1h,3,3,rev,p70,44,-0.0010702,-0.43369,0.693,1,-0.057196,False
F3,NVDA,AVAX-USD,4h,3,1,rev,p80,13,0.0043996,0.91062,0.19021,1,-0.11212,False
F3,NVDA,BCH-USD,1d,3,1,rev,p80,79,0.0061084,1.3194,0.095443,1,-0.028897,True
F3,NVDA,BCH-USD,1h,3,3,rev,p80,30,-0.0023097,-0.89813,0.82618,1,-0.033476,False
F3,NVDA,BCH-USD,4h,3,1,rev,p70,16,0.00074951,0.22596,0.41214,1,-0.057464,False
F3,NVDA,BTC-USD,1d,3,1,rev,p80,79,0.00095357,0.27639,0.39149,1,-0.026847,False
F3,NVDA,BTC-USD,1h,3,3,rev,p70,44,-0.0011686,-0.78042,0.813,1,-0.054759,False
F3,NVDA,BTC-USD,4h,3,1,rev,p80,13,0.0012013,0.51817,0.30688,1,-0.12875,False
F3,NVDA,DOGE-USD,1d,1,1,rev,p80,76,0.0064963,1.0022,0.15975,1,-0.061026,True
F3,NVDA,DOGE-USD,1h,3,3,cont,p80,38,-0.0011772,-0.62176,0.73529,1,-0.017837,False
F3,NVDA,DOGE-USD,4h,3,1,rev,p80,13,0.003834,1.2864,0.11128,1,-0.12044,False
F3,NVDA,DOT-USD,1d,2,2,rev,0,259,0.0032582,0.76928,0.22121,1,-0.06428,True
F3,NVDA,DOT-USD,1h,3,3,rev,p70,44,-0.0005075,-0.1895,0.58434,1,-0.026023,False
F3,NVDA,DOT-USD,4h,2,2,rev,p70,17,0.0048107,0.8691,0.19882,1,-0.059779,False
F3,NVDA,ETH-USD,1d,3,3,cont,p80,77,0.0073244,0.92737,0.17833,1,-0.02202,False
F3,NVDA,ETH-USD,1h,3,3,cont,p80,38,-0.0023948,-1.2521,0.90683,1,-0.025026,False
F3,NVDA,ETH-USD,4h,3,1,rev,p80,13,0.0038523,1.2296,0.12121,1,-0.088205,False
F3,NVDA,LINK-USD,1d,3,1,rev,p70,121,0.0044847,0.93316,0.17631,1,-0.052137,True
F3,NVDA,LINK-USD,1h,3,3,rev,p70,44,-0.0012296,-0.58616,0.75845,1,-0.023464,False
F3,NVDA,LINK-USD,4h,2,1,rev,p70,17,0.0035058,1.2764,0.11002,1,-0.12411,False
F3,NVDA,LTC-USD,1d,3,1,rev,p80,79,0.0043222,0.9554,0.17116,1,-0.015717,True
F3,NVDA,LTC-USD,1h,3,3,rev,p70,44,-0.0016731,-0.85498,0.82481,1,-0.033206,False
F3,NVDA,LTC-USD,4h,2,1,rev,p70,17,0.0017239,0.70332,0.24598,1,-0.1397,False
F3,NVDA,SHIB-USD,1d,1,1,cont,0,445,0.003005,0.85865,0.1955,1,-0.00034846,True
F3,NVDA,SHIB-USD,1h,3,3,cont,p80,38,-0.0019452,-1.0631,0.85711,1,-0.0015897,False
F3,NVDA,SHIB-USD,4h,2,1,rev,p70,17,0.00041343,0.19067,0.42559,1,-0.13903,False
F3,NVDA,SOL-USD,1d,3,3,cont,0,244,0.008424,1.371,0.085826,1,-0.033948,True
F3,NVDA,SOL-USD,1h,3,3,cont,p80,38,2.3666e-05,0.010126,0.49599,1,-0.036442,False
F3,NVDA,SOL-USD,4h,3,1,rev,p80,13,0.003057,0.78777,0.22306,1,-0.053937,False
F3,NVDA,UNI-USD,1d,3,3,cont,p80,77,0.014673,1.0354,0.15189,1,0.014781,True
F3,NVDA,UNI-USD,1h,3,3,rev,p70,44,0.00048185,0.20629,0.41877,1,-0.030268,False
F3,NVDA,UNI-USD,4h,2,1,rev,p70,17,0.0061268,1.3989,0.090457,1,-0.087843,False
F3,NVDA,XLM-USD,1d,2,2,rev,0,286,0.0081495,1.4181,0.078625,1,-0.028456,False
F3,NVDA,XLM-USD,1h,3,3,rev,p70,44,-0.0007138,-0.23182,0.59111,1,-0.033738,False
F3,NVDA,XLM-USD,4h,2,2,rev,0,50,0.0052507,0.89753,0.18691,1,-0.17374,True
F3,NVDA,XRP-USD,1d,2,2,rev,0,105,0.0045463,0.61055,0.27142,1,-0.079284,True
F3,NVDA,XRP-USD,1h,3,3,cont,p80,38,-0.00091431,-0.47752,0.6821,1,0.0053563,False
F3,NVDA,XRP-USD,4h,3,1,rev,p80,13,0.00044807,0.20574,0.42022,1,-0.13689,False
F3,QQQ,ADA-USD,1d,2,2,rev,p70,96,0.0083465,1.2781,0.10217,1,-0.060898,True
F3,QQQ,ADA-USD,1h,3,3,rev,p80,27,-0.00028967,-0.11653,0.54719,1,-0.085704,False
F3,QQQ,ADA-USD,4h,2,2,rev,p70,18,0.0062677,1.6243,0.061354,1,-0.10491,False
F3,QQQ,ATOM-USD,1d,2,2,rev,0,287,0.0091885,1.7776,0.038268,1,-0.041308,True
F3,QQQ,ATOM-USD,1h,3,3,rev,p80,27,-0.0011514,-0.39969,0.65367,1,-0.090455,False
F3,QQQ,ATOM-USD,4h,2,2,rev,p70,18,0.007142,2.2864,0.017665,1,-0.091414,False
F3,QQQ,AVAX-USD,1d,3,3,cont,p80,53,0.0052214,0.34118,0.36717,1,-0.013045,False
F3,QQQ,AVAX-USD,1h,3,3,rev,p80,27,0.00066707,0.23178,0.40926,1,-0.14278,False
F3,QQQ,AVAX-USD,4h,2,2,rev,p70,18,0.0083654,1.7321,0.050679,1,-0.1664,False
F3,QQQ,BCH-USD,1d,2,2,rev,0,287,0.0040162,0.90085,0.18421,1,-0.019103,True
F3,QQQ,BCH-USD,1h,3,3,rev,p80,27,0.00063463,0.26395,0.39826,1,-0.061303,False
F3,QQQ,BCH-USD,4h,2,2,rev,p70,18,0.0041806,0.98184,0.16997,1,-0.12056,False
F3,QQQ,BTC-USD,1d,3,3,rev,0,223,0.0009695,0.26125,0.39707,1,-0.043407,False
F3,QQQ,BTC-USD,1h,3,3,rev,p80,27,-0.0009231,-0.49495,0.6876,1,-0.12541,False
F3,QQQ,BTC-USD,4h,2,2,rev,p80,9,0.0024826,2.1574,0.031521,1,-0.17153,False
F3,QQQ,DOGE-USD,1d,2,2,rev,p80,69,0.0044405,0.40736,0.34251,1,-0.00020367,False
F3,QQQ,DOGE-USD,1h,3,3,cont,p80,38,-0.0018011,-0.86268,0.80415,1,-0.077878,False
F3,QQQ,DOGE-USD,4h,2,2,rev,p70,18,0.0060187,2.0046,0.030598,1,-0.13135,False
F3,QQQ,DOT-USD,1d,2,2,rev,p80,69,0.011704,1.2748,0.10336,1,-0.038512,True
F3,QQQ,DOT-USD,1h,3,3,rev,p80,27,-0.002437,-0.71108,0.7596,1,-0.096556,False
F3,QQQ,DOT-USD,4h,2,2,rev,p70,18,0.009296,2.1442,0.023383,1,-0.080908,False
F3,QQQ,ETH-USD,1d,3,3,rev,0,223,0.0015518,0.3355,0.36878,1,-0.012679,False
F3,QQQ,ETH-USD,1h,3,3,rev,p80,27,-0.0011333,-0.52712,0.70143,1,-0.1069,False
F3,QQQ,ETH-USD,4h,2,2,rev,p70,18,0.0044607,1.8196,0.043242,1,-0.15368,False
F3,QQQ,LINK-USD,1d,2,2,rev,p80,75,0.010978,1.2021,0.11658,1,-0.030716,True
F3,QQQ,LINK-USD,1h,3,3,rev,p80,27,0.00027195,0.11869,0.45321,1,-0.10904,False
F3,QQQ,LINK-USD,4h,2,2,rev,p70,18,0.0065182,2.5185,0.011046,1,-0.16373,False
F3,QQQ,LTC-USD,1d,2,2,rev,0,287,0.0021912,0.56801,0.28524,1,0.00013698,True
F3,QQQ,LTC-USD,1h,3,3,rev,p80,27,0.00013973,0.057512,0.4773,1,-0.064062,False
F3,QQQ,LTC-USD,4h,2,2,rev,p70,18,0.0051489,1.8359,0.04196,1,-0.17263,False
F3,QQQ,SHIB-USD,1d,3,1,cont,0,447,0.010595,0.97437,0.1652,1,-0.002824,True
F3,QQQ,SHIB-USD,1h,3,3,rev,p80,27,-0.0018072,-0.80519,0.78619,1,-0.053593,False
F3,QQQ,SHIB-USD,4h,2,2,rev,p70,18,0.0068672,2.4248,0.013374,1,-0.15464,False
F3,QQQ,SOL-USD,1d,3,3,rev,0,202,0.010597,1.4354,0.076368,1,-0.019092,True
F3,QQQ,SOL-USD,1h,3,3,rev,p80,27,0.00051944,0.19085,0.42506,1,-0.11181,False
F3,QQQ,SOL-USD,4h,2,2,rev,p70,18,0.0044253,1.1646,0.13013,1,-0.086455,False
F3,QQQ,UNI-USD,1d,2,2,rev,p80,75,0.010993,1.1116,0.13495,1,-0.0094205,True
F3,QQQ,UNI-USD,1h,3,3,rev,p80,27,0.0047664,1.2578,0.10982,1,-0.12032,False
F3,QQQ,UNI-USD,4h,2,2,rev,p70,18,0.012746,1.7738,0.047007,1,-0.11744,False
F3,QQQ,XLM-USD,1d,2,2,rev,p80,75,0.010696,1.1796,0.12097,1,-0.044542,True
F3,QQQ,XLM-USD,1h,3,3,rev,p80,27,0.00089097,0.29736,0.39038,1,-0.036642,False
F3,QQQ,XLM-USD,4h,2,2,rev,p70,18,0.0055963,1.2866,0.10774,1,-0.15155,False
F3,QQQ,XRP-USD,1d,3,3,rev,p70,26,0.01808,1.0557,0.1506,1,-0.035089,False
F3,QQQ,XRP-USD,1h,3,3,rev,p80,27,-0.0017131,-0.86142,0.80156,1,-0.058356,False
F3,QQQ,XRP-USD,4h,2,2,rev,p70,18,0.0039509,1.7458,0.049443,1,-0.15757,False
F3,SPY,ADA-USD,1d,3,3,rev,0,212,0.0043342,0.73749,0.23082,1,-0.051351,True
F3,SPY,ADA-USD,1h,3,3,rev,p80,33,-0.00036636,-0.16097,0.56344,1,-0.11185,False
F3,SPY,ADA-USD,4h,2,2,rev,p80,14,0.0044584,1.2154,0.12292,1,-0.11255,False
F3,SPY,ATOM-USD,1d,2,2,rev,0,276,0.0080448,1.543,0.061985,1,-0.031441,False
F3,SPY,ATOM-USD,1h,3,3,rev,p80,33,7.8095e-05,0.028624,0.48867,1,-0.10479,False
F3,SPY,ATOM-USD,4h,3,1,rev,p80,15,0.0024937,0.97396,0.1733,1,-0.078483,False
F3,SPY,AVAX-USD,1d,3,3,cont,0,229,0.0027563,0.43771,0.33101,1,-0.011853,False
F3,SPY,AVAX-USD,1h,3,3,rev,p80,33,0.00039722,0.14059,0.44553,1,-0.1572,False
F3,SPY,AVAX-USD,4h,3,1,rev,p80,15,0.0057469,1.5265,0.074575,1,-0.15645,False
F3,SPY,BCH-USD,1d,3,3,cont,0,288,0.0041107,0.77268,0.22017,1,-0.0079129,True
F3,SPY,BCH-USD,1h,3,3,rev,p80,33,-0.00073848,-0.27974,0.60926,1,-0.072775,False
F3,SPY,BCH-USD,4h,3,3,rev,p80,15,0.0073232,1.4204,0.088692,1,-0.13602,False
F3,SPY,BTC-USD,1d,3,3,rev,p70,81,0.0045403,0.72413,0.23555,1,-0.037571,True
F3,SPY,BTC-USD,1h,3,3,rev,p80,33,-0.00042074,-0.20908,0.58215,1,-0.15336,False
F3,SPY,BTC-USD,4h,3,3,rev,p80,15,0.0035152,1.124,0.13995,1,-0.1489,False
F3,SPY,DOGE-USD,1d,3,3,cont,0,254,0.0043182,0.71531,0.23754,1,0.0036211,True
F3,SPY,DOGE-USD,1h,3,3,rev,p80,33,-0.0017306,-0.75553,0.77227,1,-0.098936,False
F3,SPY,DOGE-USD,4h,3,1,rev,p80,15,0.0030089,1.1347,0.13779,1,-0.14193,False
F3,SPY,DOT-USD,1d,2,2,rev,p70,90,0.0060156,0.78199,0.21815,1,-0.042253,True
F3,SPY,DOT-USD,1h,3,3,rev,p80,33,-0.0015196,-0.5029,0.69076,1,-0.12834,False
F3,SPY,DOT-USD,4h,3,1,rev,p80,15,0.0030933,0.8682,0.19996,1,-0.077829,False
F3,SPY,ETH-USD,1d,3,3,cont,0,288,0.0032998,0.84928,0.19822,1,-0.0079123,True
F3,SPY,ETH-USD,1h,3,3,rev,p80,33,-0.00099229,-0.43897,0.67615,1,-0.13997,False
F3,SPY,ETH-USD,4h,3,1,rev,p80,15,0.0042687,1.7545,0.050597,1,-0.14951,False
F3,SPY,LINK-USD,1d,3,3,rev,p70,81,0.012519,1.0646,0.14513,1,-0.028589,True
F3,SPY,LINK-USD,1h,3,3,rev,p80,33,-4.1721e-05,-0.01721,0.50681,1,-0.13255,False
F3,SPY,LINK-USD,4h,3,1,rev,p80,15,0.0040891,1.4537,0.084041,1,-0.16509,False
F3,SPY,LTC-USD,1d,3,3,cont,0,288,0.004523,1.0686,0.14308,1,0.013681,True
F3,SPY,LTC-USD,1h,3,3,rev,p80,33,5.4418e-05,0.023556,0.49116,1,-0.10671,False
F3,SPY,LTC-USD,4h,3,1,rev,p80,15,0.0035113,1.4437,0.085415,1,-0.18134,False
F3,SPY,SHIB-USD,1d,3,3,cont,0,232,0.0086185,1.0817,0.14027,1,-0.0014496,True
F3,SPY,SHIB-USD,1h,3,3,rev,p80,33,-0.0020629,-0.86416,0.80303,1,-0.080854,False
F3,SPY,SHIB-USD,4h,2,2,rev,p80,14,0.0045958,1.4049,0.091741,1,-0.15716,False
F3,SPY,SOL-USD,1d,3,3,rev,0,201,0.014088,1.9658,0.025351,1,-0.032071,True
F3,SPY,SOL-USD,1h,3,3,rev,p80,33,-0.0009221,-0.35095,0.63604,1,-0.13305,False
F3,SPY,SOL-USD,4h,3,1,rev,p80,15,0.0038476,1.201,0.12484,1,-0.088289,False
F3,SPY,UNI-USD,1d,3,3,rev,0,222,0.010097,1.4037,0.080908,1,-0.0047812,True
F3,SPY,UNI-USD,1h,3,3,rev,p80,33,0.00098336,0.29403,0.38882,1,-0.14201,False
F3,SPY,UNI-USD,4h,3,1,rev,p80,15,0.0050091,1.1358,0.13755,1,-0.11266,False
F3,SPY,XLM-USD,1d,3,3,rev,p70,81,0.01573,1.3237,0.094693,1,-0.030364,True
F3,SPY,XLM-USD,1h,3,3,rev,p80,33,0.001135,0.35852,0.37803,1,-0.058348,False
F3,SPY,XLM-USD,4h,3,1,rev,p80,15,0.0089339,2.1143,0.026458,1,-0.12221,False
F3,SPY,XRP-USD,1d,3,3,rev,p80,16,0.03562,1.5358,0.072699,1,0.032734,False
F3,SPY,XRP-USD,1h,3,3,rev,p80,33,-0.0021464,-1.1122,0.86284,1,-0.078918,False
F3,SPY,XRP-USD,4h,3,1,rev,p80,15,0.0031756,1.98,0.033853,1,-0.14609,False
F4,NVDA,AMD,1d,3,3,rev,0,181,0.0054816,1.341,0.090804,1,-0.021194,True
F4,NVDA,AMD,1h,3,3,cont,p70,29,0.0049871,1.8513,0.037352,1,0.09265,False
F4,NVDA,AMD,4h,2,2,rev,0,49,0.017649,3.3375,0.00081976,1,0.0024184,True
F4,NVDA,ARM,1d,3,3,rev,0,56,0.0096747,1.1267,0.13237,1,0.010775,False
F4,NVDA,ARM,1h,2,2,cont,p80,36,0.0057612,1.4213,0.095698,1,0.056488,True
F4,NVDA,ARM,4h,2,2,rev,0,49,0.020025,2.5815,0.0064734,1,0.0037517,True
F4,NVDA,AVGO,1d,3,3,rev,0,181,0.0081812,2.6551,0.0043196,1,0.0059389,True
F4,NVDA,AVGO,1h,3,3,rev,p80,17,0.0013051,0.37657,0.35572,1,0.088763,False
F4,NVDA,AVGO,4h,2,2,rev,0,49,0.0045973,1.3191,0.096706,1,0.011817,True
F4,NVDA,MU,1d,3,3,rev,0,181,0.0037948,1.0995,0.13651,1,-0.017071,True
F4,NVDA,MU,1h,2,2,rev,p80,28,0.0049196,1.4513,0.079108,1,0.03738,False
F4,NVDA,MU,4h,2,2,rev,0,49,0.016385,1.9672,0.027477,1,0.041819,True
F4,NVDA,NVDL,1d,1,1,rev,p80,36,0.01586,2.5542,0.0075759,1,-0.071783,False
F4,NVDA,NVDL,1h,3,3,cont,p70,29,0.0050481,1.3726,0.090553,1,0.098409,False
F4,NVDA,NVDL,4h,3,3,cont,p70,14,0.020724,1.7718,0.049923,1,0.11646,False
F4,NVDA,SMH,1d,3,3,rev,0,181,0.0054658,2.0589,0.02047,1,-0.032599,True
F4,NVDA,SMH,1h,3,3,cont,p70,29,0.0017717,1.21,0.1182,1,0.10636,False
F4,NVDA,SMH,4h,3,3,rev,0,34,0.011957,2.3675,0.011961,1,0.027004,True
F4,NVDA,SOXL,1d,3,3,rev,0,181,0.018237,2.2001,0.014535,1,-0.03015,True
F4,NVDA,SOXL,1h,3,3,cont,p70,29,0.010751,2.2109,0.01769,1,0.10234,False
F4,NVDA,SOXL,4h,2,2,rev,0,49,0.034432,2.6836,0.0049825,1,0.028017,True
F4,QQQ,ARKK,1d,3,3,rev,p80,52,0.010582,1.2927,0.10096,1,-0.0090819,True
F4,QQQ,ARKK,1h,3,3,cont,p70,32,0.0026677,1.7008,0.049492,1,-0.002776,True
F4,QQQ,ARKK,4h,3,3,cont,p80,10,0.0050223,0.60095,0.28135,1,0.0045535,False
F4,QQQ,IWM,1d,3,3,rev,p80,52,0.0053278,1.577,0.060487,1,0.0052867,True
F4,QQQ,IWM,1h,3,3,rev,p80,18,0.0030706,1.8384,0.041767,1,-0.040783,False
F4,QQQ,IWM,4h,2,2,rev,0,39,0.0011393,0.51602,0.30441,1,0.036907,True
F4,QQQ,SOXL,1d,3,3,rev,0,184,0.015271,1.7827,0.03815,1,-0.054983,True
F4,QQQ,SOXL,1h,3,3,cont,p70,32,0.014368,3.2211,0.0014977,1,0.095181,True
F4,QQQ,SOXL,4h,1,1,cont,0,99,0.0062398,1.9462,0.027249,1,0.05732,True
F4,QQQ,TQQQ,1d,3,3,rev,0,184,0.010844,1.8993,0.02955,1,0.0029967,True
F4,QQQ,TQQQ,1h,3,3,cont,p70,32,0.0070787,2.7895,0.0044728,1,0.054971,True
F4,QQQ,TQQQ,4h,1,1,cont,0,99,0.0023523,1.6266,0.053517,1,0.083056,True
F4,SPY,ARKK,1d,3,1,cont,p70,161,0.0021493,0.9897,0.16191,1,0.00068653,True
F4,SPY,ARKK,1h,3,3,cont,p80,17,0.0024783,0.98181,0.1704,1,-0.020409,False
F4,SPY,ARKK,4h,3,3,cont,p80,11,0.0046599,0.61875,0.27496,1,-0.0052858,False
F4,SPY,IWM,1d,3,3,cont,p70,82,0.0015263,0.60857,0.27226,1,0.0018581,False
F4,SPY,IWM,1h,3,3,rev,p80,19,0.0030129,1.8338,0.041635,1,-0.065449,False
F4,SPY,IWM,4h,2,2,rev,0,45,0.0018283,0.9244,0.18016,1,0.026825,True
F4,SPY,SOXL,1d,3,3,rev,0,185,0.013263,1.6601,0.049302,1,-0.045207,True
F4,SPY,SOXL,1h,2,2,cont,p80,31,0.010293,1.9414,0.030986,1,0.072273,True
F4,SPY,SOXL,4h,2,2,rev,0,45,0.027041,1.9077,0.031482,1,0.059026,True
F4,SPY,TQQQ,1d,3,3,rev,0,185,0.009031,1.6675,0.048563,1,-5.5919e-05,True
F4,SPY,TQQQ,1h,3,3,cont,p80,17,0.0070308,1.6153,0.062898,1,0.018258,False
F4,SPY,TQQQ,4h,3,3,cont,0,40,0.010211,1.4471,0.077927,1,0.079321,True
F4,TSLA,TSLL,1d,3,3,cont,p80,37,0.049729,2.1237,0.020318,1,-0.034549,True
F4,TSLA,TSLL,1h,1,1,cont,p70,75,0.001767,0.82606,0.21196,1,0.10944,True
F4,TSLA,TSLL,4h,3,3,cont,p70,13,0.025115,1.4664,0.084122,1,0.050786,False
F5,ADA-USD,ADA-USD,1d,1,1,rev,p80,137,0.009014,1.6488,0.050745,1,-0.043673,True
F5,ADA-USD,ADA-USD,1h,3,3,rev,p80,862,-0.0027805,-2.6722,0.99616,1,-0.012062,False
F5,ADA-USD,ADA-USD,4h,3,3,cont,p80,208,-0.0018078,-0.60409,0.72678,1,0.02561,False
F5,AMD,AMD,1d,3,3,rev,0,204,0.0047854,1.2668,0.10334,1,-0.011136,True
F5,AMD,AMD,1h,3,3,cont,p70,35,0.0058991,2.0752,0.023594,1,0.039061,True
F5,AMD,AMD,4h,3,3,rev,0,31,0.015613,2.1751,0.018818,1,0.046703,True
F5,ARKK,ARKK,1d,3,3,rev,p80,60,0.0068573,0.8064,0.21163,1,0.0077237,True
F5,ARKK,ARKK,1h,3,3,rev,p70,27,-0.00038738,-0.14641,0.56459,1,-0.024268,False
F5,ARKK,ARKK,4h,3,3,rev,0,34,0.0055869,1.3338,0.095699,1,-0.039185,True
F5,ARM,ARM,1d,3,3,cont,0,75,0.0076373,0.79487,0.21462,1,0.016753,False
F5,ARM,ARM,1h,3,3,cont,0,94,0.0042205,1.7886,0.038468,1,0.047105,True
F5,ARM,ARM,4h,3,3,cont,0,42,0.024698,2.1941,0.016975,1,0.018435,True
F5,ATOM-USD,ATOM-USD,1d,3,3,rev,p80,84,0.034688,2.251,0.013513,1,-0.076054,True
F5,ATOM-USD,ATOM-USD,1h,3,3,rev,p80,865,-0.0031063,-4.4907,1,1,-0.0082411,False
F5,ATOM-USD,ATOM-USD,4h,3,3,cont,p80,216,-0.001336,-0.59099,0.72284,1,-0.0017235,False
F5,AVAX-USD,AVAX-USD,1d,3,3,cont,p70,96,0.011872,1.1663,0.1232,1,0.0027429,True
F5,AVAX-USD,AVAX-USD,1h,3,3,rev,p80,870,-0.0035189,-4.8151,1,1,-0.011104,False
F5,AVAX-USD,AVAX-USD,4h,3,3,rev,p80,213,-0.0048318,-1.7206,0.95661,1,-0.013872,False
F5,AVGO,AVGO,1d,3,3,rev,0,201,0.0038091,1.4616,0.072703,1,0.04242,True
F5,AVGO,AVGO,1h,3,3,cont,p70,28,0.0013054,0.62846,0.26749,1,0.023178,False
F5,AVGO,AVGO,4h,1,1,cont,p80,21,0.0023777,1.3258,0.099932,1,0.049626,False
F5,BCH-USD,BCH-USD,1d,3,3,cont,p70,110,0.019504,1.6604,0.049854,1,-0.068345,True
F5,BCH-USD,BCH-USD,1h,3,3,rev,p80,860,-0.0032005,-4.627,1,1,-0.017214,False
F5,BCH-USD,BCH-USD,4h,3,3,rev,p80,214,-0.00040363,-0.15962,0.56791,1,0.00046552,False
F5,BTC-USD,BTC-USD,1d,3,3,cont,p80,83,0.0063824,0.99637,0.161,1,-0.037928,True
F5,BTC-USD,BTC-USD,1h,1,1,cont,0,8062,-0.004043,-74.688,1,1,-0.016568,False
F5,BTC-USD,BTC-USD,4h,3,3,rev,p80,199,-0.0028845,-1.9143,0.97324,1,-0.012657,False
F5,COIN,COIN,1d,3,1,rev,p70,130,0.0060341,1.2275,0.11094,1,-0.016464,True
F5,COIN,COIN,1h,3,3,rev,p80,22,0.0047616,1.0935,0.14329,1,-0.0032213,False
F5,COIN,COIN,4h,2,1,rev,0,93,0.0021491,0.86772,0.20111,1,-0.037782,True
F5,CONL,CONL,1d,2,1,rev,p80,43,0.024339,1.7218,0.046232,1,-0.0093391,False
F5,CONL,CONL,1h,3,3,cont,p70,28,0.011466,1.3743,0.094508,1,-0.0072496,False
F5,CONL,CONL,4h,2,1,rev,0,93,0.0066451,1.3311,0.098592,1,-0.042429,True
F5,DOGE-USD,DOGE-USD,1d,2,2,cont,p80,95,0.016048,1.3588,0.088734,1,-0.024137,True
F5,DOGE-USD,DOGE-USD,1h,3,3,rev,p80,836,-0.0032639,-4.0362,0.99998,1,-0.01394,False
F5,DOGE-USD,DOGE-USD,4h,3,3,cont,p80,214,-0.0038039,-1.3309,0.90767,1,0.0008198,False
F5,DOT-USD,DOT-USD,1d,3,1,rev,p80,127,-0.00022869,-0.041425,0.51649,1,-0.0089925,False
F5,DOT-USD,DOT-USD,1h,1,1,cont,0,7708,-0.0042025,-40.328,1,1,-0.011567,False
F5,DOT-USD,DOT-USD,4h,3,3,cont,p80,198,-0.0017021,-0.5844,0.72019,1,0.014077,False
F5,ETH-USD,ETH-USD,1d,3,3,cont,p70,123,0.0093767,1.5212,0.065397,1,-0.05156,True
F5,ETH-USD,ETH-USD,1h,1,1,cont,0,8078,-0.0039687,-50.173,1,1,0.0026027,False
F5,ETH-USD,ETH-USD,4h,2,2,cont,p80,257,-0.0021624,-1.4607,0.92734,1,0.027694,False
F5,ETHA,ETHA,1d,3,3,rev,p70,8,0.048892,2.0503,0.03975,1,-0.034291,False
F5,ETHA,ETHA,1h,2,2,cont,p80,24,-0.0013505,-0.39464,0.65872,1,-0.0037209,False
F5,ETHA,ETHA,4h,3,3,rev,p80,10,0.01634,1.5596,0.076645,1,-0.023579,False
F5,HOOD,HOOD,1d,3,1,rev,p70,125,0.0070903,1.5606,0.060579,1,0.024894,True
F5,HOOD,HOOD,1h,2,2,rev,p70,43,0.0041266,1.7841,0.047846,1,-0.053167,True
F5,HOOD,HOOD,4h,3,3,cont,p70,21,0.021177,1.7478,0.047918,1,0.01408,False
F5,IBIT,IBIT,1d,3,3,rev,p70,14,0.026938,2.2072,0.022943,1,-0.058896,False
F5,IBIT,IBIT,1h,2,2,cont,p80,26,0.00070067,0.27003,0.39468,1,0.016892,False
F5,IBIT,IBIT,4h,3,3,cont,p70,13,0.0065492,0.67974,0.25478,1,-0.036815,False
F5,IWM,IWM,1d,3,3,rev,p80,56,0.0012021,0.34619,0.36526,1,0.0092576,False
F5,IWM,IWM,1h,3,3,rev,p80,14,0.00096183,0.39181,0.35078,1,-0.082304,False
F5,IWM,IWM,4h,3,3,rev,0,29,0.0039569,1.4437,0.079956,1,-0.019943,False
F5,LINK-USD,LINK-USD,1d,3,1,rev,p80,124,0.010198,1.4222,0.078754,1,-0.072047,True
F5,LINK-USD,LINK-USD,1h,3,3,rev,p80,825,-0.0030939,-3.8958,0.99995,1,-0.014498,False
F5,LINK-USD,LINK-USD,4h,3,3,cont,p80,216,-0.0016829,-0.66486,0.74657,1,0.0096104,False
F5,LTC-USD,LTC-USD,1d,2,2,cont,p80,116,0.0037184,0.58413,0.28014,1,-0.057737,True
F5,LTC-USD,LTC-USD,1h,3,3,rev,p80,858,-0.0026494,-3.6052,0.99985,1,-0.022718,False
F5,LTC-USD,LTC-USD,4h,3,3,cont,p80,208,-0.0032529,-1.1936,0.89623,1,-0.013326,False
F5,MARA,MARA,1d,3,3,rev,p80,41,0.045002,2.1724,0.017905,1,0.037784,True
F5,MARA,MARA,1h,3,3,rev,0,94,0.0013925,0.4944,0.31109,1,-0.005235,False
F5,MARA,MARA,4h,3,3,rev,0,34,0.022626,2.1564,0.01922,1,-0.12359,True
F5,MSTR,MSTR,1d,2,2,cont,p80,91,0.022093,2.2746,0.012653,1,-0.051833,True
F5,MSTR,MSTR,1h,2,1,cont,p80,54,0.0014288,0.67526,0.26399,1,0.025247,False
F5,MSTR,MSTR,4h,1,1,cont,p70,23,0.00018121,0.0394,0.48497,1,-0.010905,False
F5,MU,MU,1d,3,3,rev,p80,53,0.0018488,0.28379,0.38885,1,-0.065418,False
F5,MU,MU,1h,3,3,cont,p80,22,0.010585,2.3585,0.014059,1,0.11205,False
F5,MU,MU,4h,3,3,rev,p80,6,0.056043,1.7828,0.067357,1,0.047776,False
F5,NVDL,NVDL,1d,3,3,rev,0,89,0.023292,2.3129,0.011532,1,-0.085061,False
F5,NVDL,NVDL,1h,2,2,cont,p80,34,0.0049571,1.4371,0.080054,1,0.10251,True
F5,NVDL,NVDL,4h,2,2,cont,p80,13,0.017759,1.9834,0.035343,1,0.1184,False
F5,RIOT,RIOT,1d,2,2,cont,p80,83,0.016665,1.3897,0.084195,1,0.01539,True
F5,RIOT,RIOT,1h,3,3,rev,0,84,0.00049143,0.1881,0.42563,1,0.014648,False
F5,RIOT,RIOT,4h,1,1,rev,p80,14,0.0086306,1.8237,0.045629,1,-0.070963,False
F5,SBIT,SBIT,1d,1,1,cont,p80,13,0.0076842,0.48193,0.31926,1,-0.0005603,False
F5,SBIT,SBIT,1h,2,2,cont,p80,30,0.0031543,1.0427,0.15286,1,0.038913,False
F5,SBIT,SBIT,4h,2,2,rev,p80,11,0.021769,2.2861,0.022658,1,-0.04963,False
F5,SHIB-USD,SHIB-USD,1d,2,2,cont,p70,116,0.032168,1.9593,0.026246,1,0.013019,True
F5,SHIB-USD,SHIB-USD,1h,3,3,rev,p80,851,-0.0033398,-4.7053,1,1,-0.014424,False
F5,SHIB-USD,SHIB-USD,4h,3,3,rev,p80,220,-0.0035813,-1.5135,0.9342,1,-0.02762,False
F5,SMH,SMH,1d,3,3,rev,p80,51,0.010363,1.9662,0.027419,1,-0.061942,True
F5,SMH,SMH,1h,3,3,cont,p80,20,0.0031909,1.8427,0.040515,1,0.094576,False
F5,SMH,SMH,4h,2,2,rev,0,34,0.0067337,1.3971,0.085857,1,0.039773,True
F5,SOL-USD,SOL-USD,1d,3,3,cont,0,260,0.012197,2.0785,0.019325,1,0.014082,True
F5,SOL-USD,SOL-USD,1h,3,3,rev,p80,859,-0.0032624,-4.7792,1,1,-0.031971,False
F5,SOL-USD,SOL-USD,4h,3,3,cont,p70,297,-0.0029238,-1.606,0.94547,1,0.029232,False
F5,SOXL,SOXL,1d,3,3,rev,0,197,0.014882,1.9936,0.023789,1,-0.065358,True
F5,SOXL,SOXL,1h,3,3,cont,p70,32,0.014457,2.9949,0.0026784,1,0.10291,True
F5,SOXL,SOXL,4h,3,3,rev,p70,11,0.068266,2.0014,0.036606,1,0.038974,False
F5,TQQQ,TQQQ,1d,3,3,rev,0,186,0.0099753,1.7775,0.038566,1,0.0045456,True
F5,TQQQ,TQQQ,1h,3,3,cont,p70,32,0.0068236,2.6707,0.0059744,1,0.051683,True
F5,TQQQ,TQQQ,4h,1,1,cont,0,99,0.0023523,1.6266,0.053517,1,0.081451,True
F5,TSLL,TSLL,1d,1,1,rev,p80,53,0.011758,1.7505,0.042966,1,-0.031046,False
F5,TSLL,TSLL,1h,1,1,cont,p70,74,0.0021291,0.99363,0.17329,1,0.10613,True
F5,TSLL,TSLL,4h,3,1,cont,p80,14,0.012532,1.8945,0.076766,1,0.052436,False
F5,UNI-USD,UNI-USD,1d,3,3,rev,0,304,0.0074306,1.2049,0.1146,1,-0.06488,True
F5,UNI-USD,UNI-USD,1h,3,3,cont,p80,867,-0.0033764,-4.0585,0.99997,1,0.00042108,False
F5,UNI-USD,UNI-USD,4h,3,3,cont,p80,212,-0.0042746,-1.2221,0.88928,1,-0.003879,False
F5,XLM-USD,XLM-USD,1d,1,1,rev,p80,146,0.0069297,1.3934,0.082821,1,-0.00018685,True
F5,XLM-USD,XLM-USD,1h,3,3,rev,p80,846,-0.0021013,-2.3348,0.99011,1,-0.0043948,False
F5,XLM-USD,XLM-USD,4h,3,3,cont,p80,219,0.0046098,1.1758,0.1515,1,-0.0090638,False
F5,XRP,XRP,1h,2,2,cont,p80,21,0.0024436,0.8447,0.20413,1,0.080844,False
F5,XRP,XRP,4h,1,1,cont,p70,21,0.002552,0.98252,0.16879,1,0.10695,False
F5,XRP-USD,XRP-USD,1d,1,1,cont,p80,61,0.01891,1.8166,0.037137,1,0.141,True
F5,XRP-USD,XRP-USD,1h,3,3,rev,p80,830,-0.0021316,-2.5508,0.99524,1,-0.026205,False
F5,XRP-USD,XRP-USD,4h,3,3,cont,p80,204,0.0023263,0.73531,0.24428,1,-0.0025599,False
F5,XXRP,XXRP,1h,2,2,cont,p80,20,0.0058873,1.0415,0.16053,1,0.058664,False
F5,XXRP,XXRP,4h,1,1,cont,p80,11,0.0047764,0.62681,0.27241,1,0.084859,False
